"B006","C001","C002","E018","E034","E035","E036","E039","F028","F116","F118","F120","F121","F141","G006","X001","X003","X025R","X028","X049","X051","Y001","E033","E179WVS"
3,2,2,3,2,1,10,1,4,1,3,3,7,1,4,1,35,2,1,8,0,1,10,NA
1,1,2,3,2,5,1,10,4,1,1,4,10,1,1,1,21,2,1,3,1,2,1,NA
1,2,2,2,2,7,4,1,1,4,1,6,6,7,3,1,35,2,0,8,1,3,7,76021
4,1,2,1,2,2,9,3,1,5,1,3,10,1,2,2,21,1,0,7,1,2,NA,NA
1,2,2,2,2,8,2,4,1,2,1,1,2,7,3,1,27,2,1,8,1,2,6,NA
NA,2,2,3,2,7,3,3,2,3,2,1,6,1,4,1,45,1,1,8,0,NA,3,NA
2,1,2,2,2,6,4,5,2,5,5,3,5,2,3,2,55,1,1,8,1,3,3,NA
3,2,2,1,2,2,3,3,3,1,1,1,1,1,3,1,27,1,1,8,1,2,2,NA
1,1,2,3,2,8,5,5,2,1,5,1,10,10,4,1,45,2,1,8,1,4,2,76002
3,2,2,2,1,10,1,1,6,7,2,5,8,1,4,1,27,3,0,8,1,2,8,NA
1,1,1,3,2,8,5,5,8,1,1,1,1,1,4,2,21,2,1,8,1,NA,5,NA
1,2,2,3,2,7,7,7,4,1,1,1,5,1,4,2,35,2,1,4,0,1,5,NA
4,1,2,3,2,6,10,1,6,1,1,NA,10,1,4,2,21,2,1,2,1,2,5,NA
4,2,2,3,2,9,10,10,6,1,1,1,1,1,4,2,55,1,1,7,1,2,10,NA
1,2,2,3,1,10,1,1,2,2,1,1,1,1,3,1,35,2,0,7,1,3,5,NA
2,1,1,3,2,10,1,1,7,1,1,1,10,1,4,1,35,2,1,2,1,3,5,NA
3,1,3,3,2,10,10,5,2,1,1,1,1,1,3,2,27,2,1,7,0,5,5,NA
4,1,2,3,2,1,10,10,8,1,1,1,1,1,4,1,55,2,1,7,1,2,5,NA
4,3,2,3,2,1,1,10,6,1,1,1,1,1,4,1,21,2,1,2,1,1,3,NA
1,1,2,2,2,4,1,1,2,4,5,3,10,2,3,1,21,2,0,8,1,3,4,NA
1,2,2,3,2,7,1,1,2,2,1,1,7,5,3,1,35,2,1,8,1,3,4,NA
1,2,2,2,2,9,6,1,8,1,1,1,9,2,4,2,45,2,1,8,0,3,5,NA
4,1,2,3,2,8,5,1,8,1,1,1,1,1,4,1,55,2,1,8,1,1,7,76004
2,1,2,3,2,1,9,7,2,1,5,6,8,4,2,2,21,2,1,8,1,4,5,76004
1,1,1,3,2,10,5,8,2,9,5,5,5,1,4,1,21,2,1,8,1,5,5,NA
1,1,2,2,2,7,2,1,6,2,1,10,9,5,4,1,35,3,1,8,1,2,8,NA
1,2,2,3,1,1,1,1,2,1,1,1,8,5,4,1,35,2,1,8,1,5,5,NA
1,1,2,1,1,1,1,10,1,10,1,5,1,10,1,1,27,2,1,8,1,2,5,NA
1,3,2,3,3,10,10,8,8,9,1,1,1,1,3,2,35,2,1,8,0,3,NA,NA
3,2,1,3,2,1,1,1,1,1,1,10,10,1,4,1,45,3,1,8,1,3,5,NA
1,1,2,3,2,3,1,7,7,3,3,7,10,5,4,1,35,2,1,8,1,2,NA,76004
4,2,2,3,2,1,1,1,7,1,1,1,1,1,4,1,21,1,0,8,1,2,10,76002
3,1,1,1,1,4,7,4,2,3,7,3,7,7,1,2,21,2,NA,8,0,1,5,76004
3,1,2,3,2,1,NA,1,3,1,1,1,6,1,4,2,55,1,0,8,1,2,10,76004
2,1,2,3,2,9,8,1,4,1,1,1,1,1,4,2,35,2,1,8,0,1,8,NA
2,2,2,3,2,1,4,4,7,4,1,5,4,7,4,2,35,2,0,6,0,3,8,NA
1,2,2,3,1,1,1,1,7,1,10,2,10,1,4,2,55,2,0,8,1,4,4,NA
1,2,2,3,2,4,8,10,6,8,1,5,8,1,4,2,27,2,0,8,1,2,5,76004
2,1,2,3,1,1,1,1,1,1,7,4,1,6,2,2,27,2,0,8,0,1,3,NA
1,1,2,1,2,NA,1,1,1,1,10,1,10,1,3,2,55,1,1,7,1,4,5,76003
1,1,2,3,2,8,1,1,2,1,2,6,6,1,4,1,35,3,1,7,1,3,1,76001
1,1,2,2,2,5,8,1,2,5,10,6,10,1,3,2,35,2,1,7,1,3,NA,NA
1,1,1,3,2,NA,8,3,2,1,5,5,10,2,NA,2,27,3,0,7,1,0,4,NA
1,1,1,3,2,5,8,3,6,1,1,1,1,1,4,2,35,2,0,8,1,3,5,NA
1,3,2,3,NA,NA,7,1,2,1,1,1,1,1,4,2,55,2,1,8,1,NA,5,NA
1,1,2,3,2,8,1,2,2,4,5,5,5,2,4,1,35,2,1,8,1,3,5,NA
2,1,2,3,2,10,10,1,1,1,1,5,5,1,3,2,45,3,0,8,1,1,1,NA
1,2,2,2,2,1,1,1,3,3,1,1,3,1,2,1,35,3,0,8,1,4,8,76003
4,1,2,3,2,9,8,10,1,5,10,10,5,5,4,2,27,2,0,8,1,2,10,NA
4,1,2,3,2,2,1,5,2,1,1,1,1,1,4,1,21,2,0,8,1,1,NA,76004
1,1,1,3,2,9,3,3,6,1,5,5,8,3,3,1,27,3,1,8,1,3,4,76002
1,2,2,3,3,1,10,1,8,1,1,1,1,1,4,2,55,1,1,2,1,1,10,NA
4,2,2,3,3,10,10,1,7,1,1,1,1,1,4,1,55,2,1,2,1,2,10,76021
1,3,3,3,2,10,1,10,8,1,1,1,1,1,3,1,55,1,1,7,0,1,NA,NA
4,2,2,3,2,10,10,1,8,1,1,1,1,1,4,2,45,2,0,8,0,0,10,76019
4,1,1,3,2,8,9,2,7,5,1,1,10,1,3,2,21,1,1,8,1,1,10,NA
4,1,2,3,2,6,5,1,3,1,5,1,1,1,4,1,21,2,1,7,1,2,5,NA
1,1,2,3,2,9,5,2,7,1,7,4,7,1,4,2,35,3,1,7,1,3,8,76001
4,3,2,3,2,1,10,2,2,1,1,1,5,7,4,1,27,2,0,8,1,1,5,NA
4,2,2,3,1,2,6,3,6,2,1,1,1,1,4,1,21,2,1,8,0,4,3,76001
1,1,2,3,2,10,1,5,3,1,1,1,3,1,4,1,55,1,1,8,1,1,10,NA
1,1,2,3,2,8,6,4,3,1,3,3,3,1,2,2,35,3,1,8,0,0,7,NA
1,1,2,1,2,7,1,4,4,6,1,6,7,1,2,1,21,3,0,7,1,2,5,NA
1,1,2,3,2,1,1,1,2,5,5,1,5,5,3,2,27,2,1,8,1,4,3,76004
3,1,2,3,2,10,1,10,2,7,1,1,8,1,4,1,21,2,1,8,1,0,5,NA
3,2,2,3,2,9,5,3,6,1,2,2,2,1,4,2,35,1,0,8,1,1,3,NA
1,2,2,3,1,9,2,1,7,2,1,2,7,7,3,1,21,2,1,6,1,0,1,76002
4,2,2,3,2,1,1,1,7,1,1,1,1,1,4,1,45,1,1,4,1,2,1,NA
1,1,2,3,2,8,3,4,8,1,1,1,1,1,4,1,55,3,1,5,1,3,8,NA
1,2,2,3,2,4,3,2,4,1,3,5,5,1,4,1,35,2,1,5,1,1,3,76002
4,1,2,3,2,10,10,1,7,1,1,1,1,1,4,1,35,2,1,2,1,1,NA,NA
1,1,2,3,2,6,7,1,8,1,1,1,5,1,3,2,21,2,0,7,1,1,2,NA
1,1,2,2,1,1,10,1,2,1,1,1,5,1,4,1,21,2,0,2,1,4,1,76002
1,1,2,1,2,10,5,1,2,1,1,1,1,5,4,1,27,2,1,5,0,1,6,NA
1,1,2,3,3,5,5,10,4,1,1,1,10,1,3,2,27,2,1,3,1,2,5,76001
4,2,2,3,2,5,9,6,2,1,6,1,1,1,2,2,21,2,0,2,1,0,6,76001
4,1,2,3,2,8,7,8,8,7,3,2,6,4,3,1,21,2,0,2,0,3,5,NA
4,2,2,3,1,1,10,10,3,1,1,1,1,1,4,1,35,2,1,8,1,2,10,NA
1,2,2,3,3,3,6,1,8,1,1,7,10,1,4,2,27,2,1,5,0,2,6,NA
1,1,2,3,1,8,10,1,6,2,1,2,5,3,4,1,21,2,1,2,1,2,7,NA
1,1,2,2,2,10,8,10,2,1,5,1,5,1,NA,2,27,3,1,7,1,3,5,76004
3,1,2,3,2,10,6,3,2,1,1,4,5,1,4,1,21,3,0,7,1,4,3,76004
4,1,2,2,3,1,1,1,4,10,1,1,4,1,4,1,45,2,1,7,1,3,10,NA
4,1,2,1,1,1,1,1,5,1,1,1,3,1,4,1,21,2,1,5,0,3,4,NA
4,1,2,3,2,1,1,1,2,1,4,1,1,1,4,1,45,1,1,7,1,2,5,NA
1,3,2,1,1,5,5,6,2,1,6,1,5,3,4,1,45,2,1,7,1,3,6,NA
1,3,2,1,2,8,8,6,6,1,5,1,10,5,3,2,27,2,1,7,1,3,8,NA
2,1,3,1,2,3,3,7,2,1,8,6,9,8,3,1,45,2,1,7,0,3,5,NA
1,3,2,3,2,10,3,4,3,1,1,1,10,1,3,1,27,2,1,7,1,4,1,76002
1,1,2,3,2,2,7,4,6,5,4,1,4,5,1,2,21,2,0,7,1,0,5,NA
2,2,2,1,1,3,1,1,1,5,10,1,10,10,2,1,27,2,1,7,1,4,2,NA
2,2,2,1,1,8,4,3,4,1,2,2,2,2,4,1,21,2,1,7,1,3,5,NA
4,2,2,3,2,5,3,8,2,4,1,1,6,3,2,2,35,1,1,2,1,0,3,NA
1,1,1,2,2,4,2,1,7,2,5,2,10,5,4,2,27,2,1,6,1,2,3,NA
1,1,3,3,2,6,4,2,6,3,1,5,7,5,4,1,55,2,1,6,1,3,7,NA
4,3,2,1,2,1,1,1,6,1,5,1,10,1,2,1,35,2,1,7,1,4,NA,NA
1,1,2,3,2,10,10,1,1,1,1,1,1,1,4,1,35,1,0,7,1,2,1,76004
3,1,1,2,2,1,5,4,6,2,1,3,5,5,3,2,55,2,0,6,0,3,NA,NA
2,1,2,3,2,10,10,1,8,1,1,1,1,1,4,2,55,1,0,2,1,1,10,NA
1,1,2,1,1,7,4,3,1,4,1,1,10,1,3,2,35,2,0,8,1,2,NA,NA
1,1,2,3,1,1,10,1,6,1,1,1,1,1,4,2,55,1,0,8,1,2,NA,NA
2,1,1,3,3,1,9,10,2,1,1,1,1,1,4,2,35,2,0,8,1,3,3,76007
4,2,2,3,2,10,10,10,7,1,1,1,1,1,4,2,55,1,0,3,0,0,NA,NA
1,2,2,3,2,5,7,4,6,1,1,1,4,1,4,2,21,2,NA,2,0,2,5,76002
1,1,2,1,2,5,5,4,1,2,5,1,5,5,4,2,27,3,0,8,1,3,3,76002
1,1,3,2,2,8,1,3,6,3,5,2,3,3,4,2,35,2,0,8,1,3,5,NA
4,1,2,1,2,1,7,4,8,1,1,1,1,1,NA,2,55,1,0,7,1,4,5,NA
4,1,1,2,1,10,5,10,2,1,5,7,9,1,4,2,21,2,0,8,1,3,3,NA
1,3,2,3,2,10,5,6,2,NA,5,4,7,2,3,2,45,1,1,8,1,3,5,NA
4,2,2,3,3,1,10,1,7,1,1,1,1,1,4,2,55,2,1,2,1,NA,NA,NA
1,1,2,2,2,9,7,5,7,1,2,1,2,1,3,2,21,2,0,8,1,3,5,76002
2,1,2,3,2,9,1,1,2,NA,1,1,10,1,4,1,55,1,1,8,1,1,10,NA
1,1,2,3,2,9,5,4,3,1,1,3,5,5,2,2,21,3,0,8,1,3,4,NA
4,1,2,1,2,4,4,1,1,1,1,6,1,1,4,1,21,2,0,7,0,2,2,NA
4,2,2,3,2,1,1,1,7,1,8,8,10,1,4,2,21,2,0,5,1,2,5,NA
4,2,2,3,2,8,1,1,6,1,1,1,1,4,4,2,55,2,1,8,1,2,7,NA
4,1,2,3,2,10,1,1,7,1,5,1,10,5,4,2,55,1,1,8,0,2,10,NA
1,2,2,3,2,9,5,2,2,7,1,9,10,1,4,1,35,3,1,8,1,0,9,NA
1,3,1,3,2,4,4,4,7,5,1,1,5,3,4,1,55,2,1,7,1,3,6,NA
1,1,1,3,2,10,1,1,7,1,1,5,1,1,3,1,45,2,1,7,1,3,3,76001
2,1,2,2,2,7,3,3,2,2,1,5,7,3,3,1,21,2,0,7,1,3,2,76003
4,1,2,3,NA,NA,NA,NA,7,1,1,1,1,1,4,2,55,1,1,7,1,NA,NA,NA
1,1,2,3,1,5,5,1,2,1,1,1,5,1,1,1,27,2,1,7,1,3,1,NA
1,2,2,3,2,8,4,4,2,1,1,1,5,3,4,2,45,1,0,7,1,5,5,76019
1,1,2,3,1,5,3,4,7,4,7,3,6,5,4,2,21,3,1,7,0,4,5,76003
1,2,2,3,2,6,4,1,8,5,1,1,10,1,4,2,35,2,0,2,1,1,7,76006
1,1,2,3,3,7,8,4,1,1,1,1,2,2,4,2,35,1,0,8,1,1,9,NA
NA,1,2,3,2,NA,4,5,1,1,1,3,2,1,4,1,55,1,1,4,1,2,NA,NA
3,1,2,3,1,8,8,2,8,2,1,1,1,1,4,1,55,1,1,7,1,3,8,NA
4,1,2,3,2,5,10,5,6,10,1,1,1,1,4,1,21,2,1,7,0,1,1,NA
1,1,2,2,1,6,2,1,2,9,1,1,7,1,4,1,27,2,1,6,1,1,1,NA
4,2,2,3,3,10,1,10,6,10,1,1,1,1,4,1,35,1,1,4,1,2,10,NA
4,1,2,3,1,1,8,10,5,5,1,2,8,10,4,2,35,2,0,8,1,1,1,NA
4,1,1,3,2,2,NA,NA,6,1,1,1,1,1,3,1,27,1,1,8,1,NA,2,NA
4,2,2,3,3,2,5,4,5,8,1,1,2,1,4,1,27,2,1,8,0,3,3,76002
NA,1,2,3,2,5,10,2,6,1,1,1,6,1,3,2,55,2,1,5,1,2,10,76006
3,1,2,3,3,5,2,1,2,1,1,1,1,1,3,2,45,3,1,2,1,4,8,76004
3,1,1,3,3,1,1,1,7,1,1,1,1,1,4,2,45,1,0,6,1,1,1,NA
2,3,2,3,2,1,5,5,7,1,1,1,5,1,4,2,35,1,1,8,0,2,10,76001
3,1,2,3,3,5,7,5,7,8,1,6,6,1,4,1,55,1,0,8,1,0,10,NA
NA,1,2,3,2,1,10,1,6,8,1,1,6,1,4,2,55,1,0,8,1,2,5,NA
1,1,2,3,2,9,9,6,7,4,1,1,1,1,4,2,55,2,0,2,1,3,6,NA
1,2,2,3,2,7,6,1,2,1,5,5,5,2,4,1,27,2,1,8,1,2,6,NA
3,1,1,3,1,10,10,10,1,1,1,1,1,1,1,2,21,2,0,5,1,3,1,NA
4,1,2,3,2,7,7,6,7,4,1,1,6,1,4,1,27,2,1,7,1,3,NA,76001
2,2,2,3,2,7,2,2,2,1,1,5,5,5,3,1,35,2,1,6,1,3,5,76003
2,1,2,1,1,7,5,5,4,5,5,7,5,5,4,2,45,3,1,7,1,NA,4,NA
4,1,2,2,1,1,3,1,6,7,1,6,10,1,4,2,27,3,1,4,1,4,1,76002
1,1,2,3,1,4,10,4,8,1,5,5,5,1,4,2,21,2,0,6,1,4,5,NA
1,1,2,2,1,5,4,1,2,10,1,1,10,8,1,1,21,2,0,8,1,3,3,76002
4,1,2,3,2,1,3,3,4,6,10,10,2,1,4,1,21,2,1,8,1,2,6,NA
4,2,2,3,2,5,NA,NA,2,1,1,5,10,1,4,1,21,2,0,5,1,1,NA,NA
4,2,2,3,2,7,8,9,7,8,1,1,1,1,4,1,27,1,0,5,0,3,8,76006
3,2,2,3,2,5,5,4,7,4,1,1,1,1,3,2,55,1,0,7,1,NA,5,NA
4,2,1,3,2,5,5,5,5,1,1,1,1,1,4,2,27,2,0,7,1,2,5,NA
1,2,2,3,1,8,5,5,1,10,1,9,5,5,2,1,21,2,0,8,1,4,3,76002
4,1,2,3,2,10,10,10,1,10,1,1,1,1,4,1,21,2,1,5,1,0,10,NA
NA,1,2,3,2,NA,NA,NA,7,10,1,1,10,1,4,2,45,2,0,8,1,1,NA,NA
3,1,2,3,2,10,5,1,1,10,1,1,5,1,4,2,35,2,0,5,1,3,5,NA
3,2,2,3,2,5,6,5,5,3,1,1,5,2,4,1,21,2,1,2,1,3,5,NA
4,3,3,3,2,3,8,4,2,3,7,8,5,3,1,1,21,2,0,8,1,2,4,NA
4,2,2,3,2,4,5,6,7,2,1,1,2,3,4,2,21,2,1,3,1,4,5,76002
1,1,2,3,2,10,10,4,7,2,5,3,2,1,2,2,35,2,1,8,1,3,1,NA
4,1,2,3,2,9,8,2,8,2,1,7,1,1,4,2,45,3,1,5,1,2,5,NA
4,1,2,3,2,5,8,4,2,1,5,1,5,1,3,1,21,2,0,7,1,2,7,76002
1,3,2,2,2,10,1,1,8,1,NA,1,1,1,4,2,45,2,0,2,1,3,10,76001
3,1,1,3,2,6,6,5,8,1,6,1,1,1,4,2,35,2,0,8,0,1,6,NA
4,2,2,3,2,5,1,10,7,7,1,1,10,1,4,1,21,1,0,8,1,1,10,NA
2,2,2,2,2,10,3,3,1,1,1,1,1,1,3,2,35,3,0,8,1,3,1,NA
4,3,3,3,2,10,1,10,6,10,1,1,1,1,1,2,21,2,0,8,1,3,10,NA
3,2,2,3,2,7,7,7,7,5,1,1,1,1,3,2,45,2,0,6,1,3,5,NA
1,1,2,3,2,2,3,5,7,1,1,1,1,1,4,2,55,1,0,4,1,1,NA,NA
4,1,2,3,1,1,1,1,2,1,1,8,10,1,2,2,35,2,1,8,1,2,NA,NA
1,1,2,2,2,6,1,1,2,1,1,1,7,2,4,2,27,2,1,8,1,2,1,NA
4,1,2,3,2,1,10,10,3,1,1,1,5,1,4,2,21,2,0,7,1,2,NA,76001
3,1,2,3,2,10,7,9,1,4,1,2,5,2,4,1,21,2,1,8,1,1,5,NA
1,1,2,3,3,10,1,10,1,1,10,5,5,1,4,2,55,1,0,7,1,2,10,NA
4,2,2,3,3,4,9,5,3,1,1,1,1,1,4,1,21,1,1,8,1,0,5,NA
2,1,2,3,2,3,7,4,2,1,1,1,5,5,2,2,21,2,0,8,0,3,5,NA
4,2,2,3,2,5,7,4,7,3,1,5,5,5,4,2,35,2,0,7,1,3,5,76001
NA,2,2,3,NA,NA,NA,NA,4,1,1,5,5,1,4,2,55,1,0,5,1,NA,NA,NA
2,1,1,3,2,10,10,1,7,1,4,1,6,1,3,1,27,2,0,2,0,5,7,NA
4,1,2,3,2,10,8,1,2,1,1,1,10,1,3,2,27,2,0,2,1,3,9,76001
4,2,2,3,2,1,10,1,5,1,1,1,1,1,2,1,35,2,1,5,1,2,10,76004
4,1,2,3,1,4,5,2,7,8,10,6,4,1,4,2,21,1,0,2,1,1,7,NA
1,1,2,3,3,5,5,1,8,1,1,5,10,1,4,2,35,2,0,7,1,3,5,76004
1,1,2,3,1,5,5,5,6,1,1,1,5,1,4,1,21,1,1,7,0,1,5,NA
NA,3,2,3,2,1,NA,5,8,1,1,1,5,5,4,2,55,1,1,8,1,NA,5,NA
1,2,2,1,2,6,3,1,7,8,3,5,5,4,4,2,21,2,1,8,1,1,8,NA
1,1,3,3,2,5,3,3,7,1,5,2,5,1,4,1,21,3,1,5,1,5,5,NA
1,1,2,3,2,5,5,1,6,1,1,5,1,5,4,1,27,2,1,5,1,3,5,NA
4,2,2,3,2,5,10,5,8,1,1,1,1,1,4,2,45,1,0,4,1,1,10,76019
4,1,1,3,2,8,3,2,7,1,1,1,10,1,3,2,35,2,1,7,0,3,6,76002
4,1,1,3,2,10,10,1,7,10,1,1,6,1,4,2,55,1,1,8,0,NA,NA,NA
2,1,2,3,1,7,6,5,7,1,1,1,1,1,4,2,35,1,1,8,0,2,2,NA
1,1,2,2,1,1,8,5,7,7,1,1,1,4,4,1,21,2,1,7,0,5,2,76002
1,2,2,2,2,7,4,5,7,1,8,1,1,1,3,2,21,2,1,4,1,2,5,76003
3,2,2,3,1,8,9,10,3,7,1,8,6,5,1,2,27,1,0,8,1,3,9,NA
4,3,1,3,2,8,2,2,7,1,1,1,8,2,4,2,21,1,0,8,1,2,8,76002
1,2,1,3,2,6,4,1,8,1,1,1,1,1,3,2,27,1,0,5,0,1,NA,NA
2,1,2,3,1,6,8,4,2,10,1,1,3,1,4,2,35,2,1,8,1,4,5,NA
1,1,1,3,2,10,1,4,4,1,1,1,10,5,2,2,27,2,1,5,1,2,5,76001
NA,1,2,3,2,5,10,6,2,1,3,1,8,1,3,2,45,2,0,7,1,1,3,NA
1,1,2,3,1,10,1,5,1,10,1,5,5,5,4,1,27,3,NA,8,0,3,1,NA
4,2,2,3,2,3,NA,1,6,1,1,1,1,5,4,2,55,2,1,8,1,1,NA,NA
4,1,2,3,1,1,1,1,7,6,1,1,1,1,4,2,35,1,0,7,1,1,1,NA
3,1,1,3,2,5,5,1,6,4,1,1,1,1,4,2,21,2,0,7,1,3,5,NA
4,1,2,3,2,4,9,9,1,2,1,1,1,1,3,2,21,2,1,8,1,1,2,NA
4,2,2,3,3,1,4,5,7,1,5,5,5,1,4,2,27,1,0,7,1,2,2,NA
4,1,2,1,3,1,1,8,2,1,1,1,6,1,4,2,35,1,0,7,1,3,3,NA
1,1,2,2,2,1,1,1,2,1,1,2,8,2,NA,1,27,3,1,5,1,4,3,76003
1,1,2,3,2,1,10,1,7,1,1,1,5,1,4,2,35,1,1,8,0,2,10,NA
3,1,2,1,1,7,1,5,2,1,1,1,7,5,4,1,27,2,0,6,1,4,5,NA
3,2,2,3,3,5,7,4,6,1,1,1,3,1,4,1,45,1,1,4,1,1,4,76001
3,1,1,2,1,5,2,4,2,2,1,1,7,4,3,2,27,2,0,8,1,3,5,NA
1,1,2,3,2,9,1,1,6,1,1,2,6,1,4,2,27,3,1,6,1,2,5,NA
4,1,1,3,2,9,6,1,7,1,1,1,4,1,4,2,55,1,0,8,1,1,NA,NA
1,1,2,3,2,8,8,5,2,7,1,1,1,1,3,1,45,2,1,4,1,1,4,NA
3,2,2,3,2,5,8,1,3,1,1,1,5,1,4,2,55,2,1,6,1,1,10,NA
1,1,2,3,2,7,1,1,5,1,1,1,6,6,1,2,21,3,1,6,1,2,4,NA
3,1,1,3,3,10,10,10,7,1,1,1,1,1,4,1,35,2,1,8,0,2,10,76001
3,1,2,3,2,7,4,8,8,1,2,4,4,1,3,2,35,2,0,8,1,1,3,76002
4,1,2,3,2,10,9,8,2,1,1,1,8,5,3,2,45,1,1,5,1,3,5,NA
4,2,2,3,2,7,5,10,1,2,3,8,5,3,4,2,21,1,0,8,1,4,1,NA
1,2,2,3,3,3,2,5,3,6,1,1,5,1,3,1,35,2,1,8,1,1,10,NA
1,1,2,3,2,8,7,5,2,1,9,1,8,5,1,2,21,3,1,7,1,3,1,76002
2,1,2,2,2,4,7,7,1,2,10,7,10,7,4,1,45,1,1,7,0,1,NA,NA
1,2,2,3,2,10,10,1,2,1,1,4,9,1,4,1,21,2,1,8,1,4,NA,NA
3,1,1,3,2,1,1,10,5,1,1,1,1,1,4,1,35,1,1,6,1,3,6,NA
2,1,1,3,2,10,1,1,5,1,5,4,3,1,4,1,21,2,0,8,1,2,4,NA
2,2,2,3,2,8,8,8,1,6,1,1,1,1,3,2,35,2,1,4,1,2,4,NA
3,2,1,3,2,8,7,4,3,1,1,2,8,1,4,1,21,2,1,6,1,1,9,NA
3,2,2,3,3,10,10,1,2,1,1,2,5,1,4,2,55,1,1,8,0,1,10,NA
NA,1,2,3,2,1,10,1,7,1,1,1,1,1,4,2,55,1,0,2,1,1,10,76006
1,2,2,3,2,4,8,1,7,1,1,5,5,1,4,1,21,2,1,8,1,2,5,76002
1,2,2,3,2,10,4,5,4,1,4,5,1,1,4,2,45,2,0,8,1,3,1,76004
1,2,2,3,1,7,1,1,2,3,1,5,3,1,4,2,21,2,0,8,0,1,1,NA
1,1,1,3,1,1,10,1,6,1,1,1,10,1,4,1,55,2,1,2,1,3,1,76021
4,2,2,3,2,1,1,1,4,1,1,1,5,1,4,1,55,1,1,6,1,3,3,NA
1,1,2,3,2,10,5,1,2,1,5,1,10,5,4,1,55,2,1,4,1,3,10,NA
1,2,1,3,2,NA,NA,NA,6,NA,NA,1,NA,1,3,2,45,1,0,8,0,NA,10,76001
1,1,2,3,2,10,8,9,7,1,1,1,1,1,1,2,21,3,1,7,1,4,5,NA
3,2,2,3,2,7,1,1,7,3,1,3,3,2,3,1,27,2,1,4,1,2,5,76003
4,2,2,3,1,6,8,3,7,3,1,1,5,4,4,1,21,2,0,4,1,1,6,76001
1,1,NA,3,2,10,1,1,6,1,1,1,1,1,2,1,55,1,1,3,1,2,10,NA
NA,3,2,3,2,6,4,5,1,1,1,1,NA,1,4,1,35,1,1,4,0,1,NA,NA
3,2,2,3,2,4,3,2,8,5,2,1,2,2,4,2,55,1,0,8,1,1,6,NA
4,2,2,3,2,10,1,1,4,1,1,1,10,1,4,1,55,2,1,7,1,3,10,NA
1,2,2,3,2,8,10,1,8,1,1,1,1,1,4,1,21,2,1,2,1,1,10,76021
4,1,1,3,2,10,10,4,6,1,4,2,8,1,4,2,35,2,1,7,1,2,1,NA
4,2,2,3,2,7,8,4,4,10,5,1,10,1,3,2,35,1,1,8,1,NA,3,NA
1,1,2,3,2,2,9,3,2,1,10,5,9,1,4,2,21,2,0,8,0,4,9,NA
1,1,2,2,1,10,5,10,7,10,1,1,10,10,4,2,21,2,1,3,1,1,1,76004
4,2,3,3,2,10,10,1,7,1,10,1,1,1,4,1,21,2,1,8,0,0,5,76001
4,1,2,3,1,1,10,2,8,2,3,3,2,2,3,1,27,2,0,8,0,2,10,NA
4,3,2,3,2,7,5,4,2,1,10,5,5,1,4,2,21,2,0,3,0,1,8,NA
3,2,2,3,2,2,2,1,1,5,1,6,6,1,4,1,35,2,1,3,1,2,NA,NA
1,2,2,1,2,5,5,1,5,1,1,1,1,1,4,2,35,2,1,3,1,1,6,NA
2,2,2,3,2,4,7,5,3,3,7,8,7,4,4,1,27,2,1,8,0,2,2,NA
2,1,2,3,1,6,4,7,6,5,1,1,10,2,3,1,27,2,1,3,1,3,1,76007
3,1,1,3,2,8,3,3,2,2,1,5,5,1,4,1,35,2,1,8,1,3,5,NA
4,2,2,3,3,5,7,5,3,1,1,1,1,1,3,1,55,1,1,8,1,2,5,NA
4,1,2,3,NA,2,7,8,7,1,1,1,1,1,4,2,45,1,0,7,0,3,10,NA
2,1,2,3,2,5,5,5,6,3,1,1,3,2,NA,2,35,2,0,6,1,2,5,NA
1,1,2,3,2,6,5,1,1,1,1,5,10,7,3,1,35,2,1,6,1,3,3,76002
1,2,2,1,2,4,10,7,2,1,1,4,6,1,2,1,21,3,0,5,1,3,8,76004
3,1,2,3,2,4,8,6,6,5,1,1,5,1,3,2,21,2,0,5,1,2,5,NA
1,2,2,3,2,5,4,10,8,5,1,1,1,1,4,1,21,1,1,7,1,3,6,NA
1,1,2,3,2,1,1,1,6,5,1,1,10,1,4,1,55,1,1,5,1,2,1,NA
2,1,2,3,2,10,5,3,7,1,1,4,5,1,4,1,55,1,1,7,1,2,4,NA
3,2,2,3,2,10,1,1,7,1,1,1,7,1,3,2,35,2,1,3,1,4,6,NA
1,2,2,3,2,5,1,1,7,1,1,5,5,1,1,1,35,2,1,5,1,3,5,NA
4,3,2,2,2,7,2,1,2,10,5,1,3,1,3,2,27,3,0,7,1,2,6,76021
4,1,2,3,3,10,4,10,2,1,1,1,5,5,4,1,21,2,1,7,0,2,4,76004
4,2,2,3,2,10,10,1,2,1,1,1,5,1,4,1,27,1,1,2,0,2,NA,NA
4,2,2,3,1,3,3,3,6,4,6,1,8,1,4,2,55,1,0,7,1,3,7,NA
NA,2,2,3,2,1,NA,NA,6,1,1,1,10,1,4,1,35,2,1,4,1,3,NA,76001
3,2,2,3,1,10,10,10,2,1,1,1,1,1,3,1,35,1,1,4,0,3,NA,NA
4,2,2,3,1,1,1,1,6,10,5,1,10,1,4,1,45,2,1,7,0,1,5,76001
1,2,2,3,2,1,1,1,5,1,1,1,10,1,4,1,55,1,1,4,1,0,10,76006
4,2,2,3,2,9,10,3,2,1,1,5,10,1,3,1,55,3,1,8,1,1,10,NA
NA,2,2,3,2,1,10,NA,8,1,1,1,1,1,4,2,27,1,0,2,1,2,NA,76001
2,2,2,3,1,1,1,1,4,1,1,1,1,1,4,1,55,1,1,2,0,2,NA,76006
1,1,2,1,2,8,9,5,7,1,1,1,1,1,4,2,21,2,0,2,1,2,NA,NA
1,2,2,3,3,5,5,1,6,10,1,1,1,1,4,1,27,2,1,7,0,3,5,NA
4,2,2,3,3,9,9,9,7,1,1,1,3,1,2,2,21,2,1,8,0,2,5,NA
3,1,2,3,1,8,8,1,2,1,1,1,9,1,1,1,35,2,1,8,1,2,1,NA
1,1,1,3,1,8,7,3,4,7,9,6,4,1,3,2,27,2,1,7,1,3,8,NA
1,1,2,3,2,3,5,4,8,1,1,1,5,1,1,2,55,3,1,6,1,3,3,NA
4,1,2,3,2,1,1,1,8,5,5,1,5,1,3,2,45,1,1,7,1,3,5,NA
1,1,2,3,1,1,1,1,7,1,1,1,1,1,4,2,21,2,0,8,0,1,10,NA
NA,2,NA,3,2,10,5,5,7,1,1,1,1,1,4,1,45,1,1,8,1,1,5,NA
1,1,1,3,2,10,6,1,2,6,1,1,5,4,4,2,45,3,1,4,1,3,3,NA
4,2,2,3,2,NA,5,NA,5,1,1,1,1,1,3,1,35,1,1,8,1,1,NA,NA
2,1,2,3,2,6,4,4,6,3,1,3,3,1,4,1,27,2,1,6,1,1,5,76002
4,1,2,2,2,8,3,3,6,5,4,5,5,3,2,1,21,3,1,8,0,3,3,76002
3,2,1,3,2,2,1,1,1,1,8,1,5,1,4,2,21,2,1,8,0,2,5,NA
1,2,2,3,2,1,1,1,7,1,1,1,10,1,4,2,27,1,1,7,0,0,2,NA
1,1,2,1,2,8,5,5,2,10,5,5,5,1,3,1,35,2,1,8,0,5,3,76002
1,2,2,3,2,6,3,3,7,1,1,1,1,1,4,1,35,2,1,7,1,2,6,NA
3,2,2,2,1,8,9,2,7,2,1,1,5,1,4,1,21,2,1,2,1,1,6,76006
1,2,1,3,2,10,10,1,1,1,1,1,10,10,4,2,21,2,1,8,1,2,10,NA
4,2,2,3,2,1,1,1,7,1,1,1,1,1,4,2,55,1,0,7,1,2,7,NA
3,3,2,3,2,5,1,1,7,1,5,1,1,1,4,2,27,2,0,8,1,3,6,NA
1,2,2,3,2,1,10,1,3,10,1,1,1,1,3,2,45,2,0,6,1,0,10,NA
2,3,2,3,2,6,6,4,6,2,2,3,3,2,2,2,27,2,0,7,1,3,4,NA
4,2,2,3,2,8,5,1,2,1,1,1,1,1,4,2,45,1,0,5,1,0,5,NA
3,1,2,3,3,1,1,10,1,1,5,1,1,1,4,2,21,2,0,5,0,2,2,76002
3,1,2,2,2,9,2,1,7,1,5,5,5,1,4,2,21,2,1,3,1,3,5,NA
1,1,2,2,2,7,3,1,3,2,2,4,8,5,4,2,27,2,1,8,1,3,5,NA
3,2,1,3,2,1,5,5,7,1,1,1,1,1,3,2,21,2,1,4,1,1,5,NA
1,2,2,3,2,8,5,5,7,9,1,2,2,2,4,2,21,2,0,4,1,2,5,NA
1,1,2,1,2,6,5,2,2,5,10,5,10,1,3,1,27,2,0,8,1,3,4,76002
1,3,2,1,2,7,8,4,1,1,8,8,8,1,4,2,21,2,1,7,1,2,3,76021
4,2,1,1,1,2,10,5,2,1,7,10,10,2,4,2,35,2,1,7,1,4,1,76002
4,1,1,1,2,10,1,1,6,1,1,1,1,1,4,1,35,1,1,6,1,2,10,NA
4,2,2,3,NA,3,NA,NA,6,2,5,1,5,1,3,2,55,1,1,7,0,1,NA,NA
4,2,2,3,3,1,10,1,6,1,1,1,1,1,3,1,55,1,1,6,1,2,5,NA
1,1,1,2,2,3,3,1,7,1,1,1,2,1,3,2,45,3,1,5,1,1,7,NA
4,1,3,3,2,1,1,1,6,1,1,1,1,1,4,1,55,1,1,7,1,3,NA,NA
1,2,2,3,2,5,5,1,2,1,5,1,5,1,4,1,35,2,1,7,1,3,NA,76001
1,1,2,3,3,5,5,3,1,1,1,1,7,1,4,2,35,2,1,7,1,3,8,NA
4,1,2,3,NA,8,NA,NA,1,NA,1,4,3,3,4,1,55,1,1,6,0,NA,3,NA
1,2,NA,2,2,8,8,8,1,10,8,6,10,6,3,1,45,3,1,8,1,5,2,76002
1,1,1,3,3,1,3,1,7,1,1,1,1,1,4,1,55,1,1,5,0,1,5,NA
1,2,2,2,2,10,5,1,2,10,10,10,10,5,2,1,35,3,1,7,1,4,3,76002
4,1,2,3,2,1,4,10,6,1,1,1,4,1,4,1,55,1,1,2,1,2,6,NA
1,2,1,3,2,1,NA,1,8,1,1,1,1,1,4,2,55,1,1,7,0,2,NA,NA
4,3,2,2,NA,NA,10,NA,2,1,1,1,1,1,4,1,55,1,1,6,1,NA,NA,NA
4,3,2,3,2,7,10,3,6,1,10,10,10,9,4,2,21,2,0,5,1,2,2,NA
1,2,2,3,2,5,2,1,3,1,1,1,10,1,4,1,55,2,1,7,0,3,1,NA
NA,2,2,2,1,10,10,1,4,1,1,1,1,10,4,1,21,1,1,6,0,1,4,NA
1,1,2,3,2,10,1,1,6,1,8,4,10,5,3,2,21,2,0,7,1,5,3,76002
1,1,2,2,2,10,5,10,6,1,4,1,5,5,4,2,35,3,1,7,1,4,5,NA
3,1,3,3,2,10,10,1,2,1,1,1,5,1,3,2,21,2,0,6,1,3,10,NA
3,1,2,2,2,7,7,5,2,1,1,1,1,1,4,2,21,2,0,7,1,1,5,NA
3,1,2,3,2,8,5,5,1,1,5,1,8,1,4,2,35,2,0,7,1,3,6,NA
4,2,2,3,3,1,10,7,5,1,1,1,1,1,4,2,55,1,0,7,0,0,6,NA
4,2,2,3,2,9,8,1,2,1,5,1,7,1,4,2,35,1,1,8,1,1,NA,NA
1,1,2,3,2,1,5,4,8,1,1,1,1,1,4,2,27,2,1,5,1,2,4,NA
1,1,2,3,1,6,8,4,4,8,1,10,8,10,4,1,21,2,0,8,1,3,1,76004
1,1,2,NA,2,3,3,1,2,1,5,1,5,1,4,1,55,2,1,8,1,3,3,NA
4,2,2,3,2,8,10,1,2,8,1,1,NA,1,4,1,35,1,1,8,1,1,10,NA
3,1,2,3,2,6,5,4,2,2,9,1,4,2,3,1,21,2,1,7,0,2,6,NA
3,2,2,3,NA,7,8,7,6,1,1,1,7,1,4,1,35,2,0,8,0,0,6,NA
2,3,3,2,2,5,1,2,2,7,1,5,4,5,3,1,21,3,1,8,0,3,9,NA
1,1,2,3,2,8,8,8,7,4,1,1,10,1,1,1,21,1,1,7,0,2,6,NA
1,1,2,2,2,2,6,3,2,3,1,6,8,9,3,1,35,3,1,8,0,4,1,76002
3,1,2,3,2,10,1,1,6,1,1,1,8,1,4,1,35,2,1,4,1,4,10,76006
NA,1,1,3,2,10,1,1,1,10,1,4,10,1,4,1,55,1,1,7,1,0,5,76002
3,1,2,3,1,3,4,3,2,10,1,5,5,1,3,1,35,2,1,4,1,2,10,NA
4,2,2,3,2,5,10,5,8,5,1,1,5,1,4,2,55,2,1,3,1,2,10,76007
1,1,2,3,2,5,7,1,2,10,5,1,5,1,3,2,35,2,1,7,1,1,10,NA
2,1,2,3,2,9,6,9,4,9,2,2,7,2,4,2,21,2,0,7,1,0,2,76001
4,3,2,3,3,8,3,3,4,7,5,1,2,1,4,2,21,2,0,4,0,2,2,NA
1,2,2,3,2,NA,10,10,3,1,1,1,1,1,2,2,45,2,1,4,1,4,1,76001
1,1,2,2,2,3,3,3,7,5,1,1,5,1,3,2,27,3,1,8,1,2,8,NA
4,1,2,3,3,10,10,1,5,1,1,1,3,1,2,2,27,3,1,5,1,2,1,NA
2,1,2,3,1,10,5,4,4,10,6,5,5,1,4,1,21,2,0,7,0,4,5,NA
1,1,2,2,2,4,5,7,3,3,5,5,7,1,1,2,21,2,0,8,1,2,5,76002
3,1,2,3,2,3,3,3,7,3,1,1,3,1,3,1,21,2,1,7,0,1,7,NA
3,1,2,3,2,1,10,1,4,1,1,1,1,1,3,2,21,2,0,8,1,3,1,NA
1,1,2,3,2,10,5,5,2,1,5,5,5,1,3,2,45,2,0,7,0,3,8,NA
4,2,2,3,1,1,7,1,8,7,1,1,6,2,4,2,45,1,0,7,1,2,NA,NA
4,2,2,3,2,1,8,3,1,2,2,2,8,2,4,2,45,2,0,7,0,3,2,NA
4,1,1,2,2,5,10,5,6,7,5,1,5,1,3,2,27,2,0,6,1,3,5,NA
3,1,2,3,1,9,9,1,6,1,2,1,5,1,4,2,21,2,0,8,1,1,5,NA
4,2,2,3,3,10,10,1,7,1,1,1,1,1,4,2,45,1,0,8,1,2,6,NA
2,1,1,3,2,8,6,3,2,1,4,1,10,7,3,2,27,1,0,5,1,2,5,NA
1,2,1,3,2,10,1,NA,7,1,5,4,10,1,4,2,45,2,0,7,1,4,10,NA
2,2,2,3,3,5,6,4,8,9,1,1,2,1,4,2,35,3,0,6,1,3,2,NA
1,2,2,3,2,1,1,10,8,10,1,1,1,1,4,2,21,2,0,4,1,0,NA,NA
4,1,2,3,NA,NA,NA,NA,7,1,1,1,1,1,4,2,55,1,0,7,1,3,NA,NA
1,3,2,3,1,10,4,6,6,1,1,1,5,5,3,1,21,2,0,7,1,1,1,NA
4,1,2,3,2,4,10,1,7,1,1,1,7,1,4,1,27,2,0,8,0,1,NA,NA
1,1,2,2,2,10,5,5,4,5,5,5,9,7,3,2,27,2,0,7,1,2,5,NA
2,2,2,3,2,9,10,1,2,9,8,7,8,1,4,2,27,3,1,7,0,3,6,76004
4,1,2,3,3,8,10,5,7,5,1,1,5,5,4,1,21,1,0,7,0,0,1,NA
1,1,2,3,3,7,4,5,2,5,1,1,1,1,4,1,21,2,0,8,1,2,7,NA
3,2,2,3,2,7,5,6,7,2,1,1,2,1,1,2,45,2,1,3,1,2,6,76001
1,1,1,3,2,7,7,4,2,1,1,1,1,1,4,2,55,3,1,8,1,3,10,NA
4,1,1,3,3,4,6,6,7,3,1,1,5,1,4,2,27,1,0,8,1,1,3,NA
3,1,2,3,2,8,6,1,6,10,2,4,10,1,4,2,35,2,1,8,0,2,5,NA
1,2,2,3,2,5,8,1,2,2,2,3,10,1,3,2,27,3,1,7,1,2,5,76004
1,2,2,3,2,10,5,1,1,1,1,1,5,1,4,1,55,1,1,7,0,NA,NA,NA
1,2,2,3,3,1,1,10,6,1,1,1,1,1,4,1,35,1,0,7,1,0,10,NA
2,1,2,2,2,5,4,7,1,2,1,1,1,1,3,2,35,1,1,7,0,3,7,NA
1,2,2,3,2,3,9,6,8,10,1,1,8,2,3,2,27,2,0,7,1,4,3,NA
1,1,2,3,2,7,5,1,4,5,1,5,10,5,4,1,35,2,0,7,1,3,3,76002
4,1,2,3,2,1,1,1,7,1,1,1,1,1,4,1,55,1,1,7,0,3,4,NA
4,2,2,3,3,3,3,2,8,2,1,5,5,1,4,1,55,2,1,7,1,1,1,76004
4,1,2,3,2,10,8,1,2,1,8,1,8,1,4,2,45,2,1,8,1,2,10,NA
4,2,2,3,2,4,1,1,3,6,1,1,7,4,3,1,21,1,1,8,0,1,9,NA
1,1,2,1,2,5,9,5,2,3,1,5,5,5,1,1,27,3,1,5,1,3,3,NA
3,2,2,3,1,10,5,1,7,1,1,1,8,1,4,2,35,2,1,3,1,3,5,NA
1,1,2,3,2,6,7,5,6,5,6,1,7,1,4,1,21,2,1,7,1,1,7,76004
3,2,2,3,2,10,1,1,7,1,1,1,1,1,4,1,55,1,1,3,1,0,5,NA
3,1,1,1,2,4,8,1,1,1,5,10,10,10,1,1,35,2,1,8,0,3,5,NA
1,2,2,3,2,10,NA,1,1,1,1,1,10,1,4,1,55,1,1,5,0,2,10,NA
4,1,2,3,2,4,4,4,7,1,1,1,1,1,4,1,55,2,1,7,1,3,10,NA
4,1,1,3,2,10,1,1,4,2,5,1,5,1,4,1,45,2,1,7,1,3,10,76019
1,2,2,3,1,6,5,5,1,1,1,5,10,2,1,1,45,2,0,5,1,2,10,76001
4,1,1,3,2,10,10,1,2,1,1,1,1,1,4,1,21,2,1,6,1,3,4,NA
3,2,2,3,1,10,1,1,2,1,1,1,10,1,4,1,55,3,1,7,1,4,5,NA
4,2,2,3,1,1,10,10,8,1,1,1,10,1,2,1,35,1,1,6,1,2,5,NA
1,2,2,3,1,10,9,3,1,1,1,1,8,1,4,2,55,2,1,6,1,NA,NA,NA
4,1,2,3,2,5,10,10,8,1,1,1,5,1,4,1,35,1,1,8,1,2,1,NA
2,1,2,2,2,8,1,1,4,1,1,1,1,1,3,1,35,2,1,2,1,3,1,NA
3,2,2,3,3,10,10,10,6,1,10,1,10,1,1,1,35,1,1,7,0,2,10,76002
1,1,2,3,2,5,6,1,3,1,5,5,5,5,3,1,21,2,1,4,0,1,5,NA
4,2,2,3,2,10,10,1,1,6,6,6,10,6,4,1,45,1,1,7,1,0,NA,76001
NA,2,2,3,2,10,1,1,1,1,1,1,10,1,4,2,45,1,1,7,0,3,NA,NA
4,1,2,1,2,10,1,6,6,1,1,6,6,1,4,1,45,2,1,7,1,2,8,76019
1,1,3,2,2,4,5,4,8,4,1,1,5,2,4,2,21,2,0,7,0,3,5,NA
2,1,2,3,2,8,8,10,7,5,1,1,1,1,1,1,27,1,1,2,1,0,7,NA
2,1,2,3,NA,8,8,8,2,1,5,5,5,1,3,1,45,1,1,7,0,2,5,76007
1,2,2,3,2,2,5,3,8,1,1,3,1,1,4,2,35,2,0,5,1,1,5,NA
2,1,2,3,1,5,5,9,3,1,1,1,1,1,4,1,21,2,1,5,1,1,4,76004
2,1,2,3,2,7,8,5,8,1,1,1,1,1,4,2,27,2,0,7,1,3,8,NA
4,1,2,3,2,4,3,3,6,1,1,1,7,1,4,2,55,1,0,8,1,2,10,NA
1,2,2,2,2,10,1,10,1,7,1,8,1,8,4,1,35,3,1,8,1,2,6,NA
2,1,1,3,2,10,10,8,7,7,1,5,7,1,4,1,35,3,0,7,1,4,4,76002
1,1,2,2,1,8,2,2,1,4,8,1,8,1,3,2,27,3,0,7,1,5,5,NA
1,2,1,3,2,3,8,4,6,1,1,1,1,1,3,2,21,2,0,7,1,2,2,76004
2,1,2,1,1,6,5,6,2,6,1,3,8,4,4,1,21,2,1,7,1,2,5,NA
3,2,2,2,2,10,2,3,2,1,1,2,8,1,3,2,21,2,1,7,1,1,3,NA
4,2,2,3,2,1,10,1,2,1,1,1,1,1,4,1,21,2,1,7,0,3,9,NA
3,1,3,3,2,9,9,1,2,2,1,1,8,1,2,1,21,2,1,6,0,3,5,NA
3,NA,2,3,NA,NA,NA,NA,2,2,1,1,1,1,4,2,45,1,0,4,0,NA,5,NA
4,2,2,3,1,10,10,10,8,1,1,5,5,1,4,2,27,2,0,7,1,4,1,76001
4,2,2,3,3,4,5,6,5,5,1,1,5,1,3,2,21,2,0,8,1,1,NA,NA
3,2,2,3,2,5,5,5,6,1,5,1,5,1,4,2,35,2,1,5,0,3,5,NA
4,2,2,3,2,10,1,1,8,1,1,1,1,1,4,2,55,1,0,7,0,1,10,NA
1,1,2,3,1,8,9,5,6,2,1,1,9,1,4,2,27,2,0,7,1,3,3,76002
3,2,2,3,2,9,NA,3,4,1,1,1,10,1,4,2,55,1,0,8,1,1,10,NA
3,1,2,3,2,4,6,7,6,1,5,5,5,1,3,2,27,2,0,6,1,2,5,NA
1,1,2,3,1,4,5,1,6,7,1,1,5,5,1,1,21,3,0,8,1,3,1,NA
2,1,2,3,2,6,4,9,7,6,1,5,6,1,4,2,45,1,0,6,1,1,1,NA
4,1,2,3,2,7,7,4,6,1,1,1,6,1,2,2,21,2,1,7,1,3,2,76002
4,1,2,3,3,5,8,7,6,10,1,1,10,1,4,1,45,1,0,7,0,3,8,76002
4,2,2,3,2,9,9,9,7,1,1,1,1,1,4,1,27,2,1,8,0,2,6,76002
3,1,2,3,1,1,10,1,6,1,1,1,1,1,1,2,21,1,0,2,1,2,10,NA
4,1,2,3,2,6,7,5,4,1,5,1,1,1,3,1,21,2,1,3,1,0,5,NA
3,2,2,3,2,9,6,3,7,1,1,1,1,1,4,2,35,2,1,3,1,4,5,NA
1,1,2,2,2,5,5,2,8,5,8,3,7,5,3,1,21,3,1,7,1,5,3,NA
1,2,1,3,1,10,4,5,2,1,1,1,5,1,1,1,27,2,1,7,1,3,5,76003
3,3,2,3,2,5,1,1,7,1,1,1,1,1,4,1,21,2,0,3,1,2,5,NA
3,2,2,3,1,1,6,4,7,2,1,2,6,2,1,2,21,2,0,7,1,2,5,NA
1,1,2,3,2,4,10,4,2,2,1,10,10,10,4,1,21,2,0,4,1,4,1,76002
3,1,2,3,2,5,10,1,6,1,5,1,5,1,4,2,35,2,1,7,0,3,4,76002
4,1,2,3,1,2,3,3,7,8,1,1,1,1,4,2,35,2,1,2,1,0,4,NA
2,2,2,3,2,3,1,1,1,1,1,1,5,1,2,1,21,2,1,3,0,2,1,NA
3,3,3,3,2,7,8,7,2,8,1,1,7,1,3,1,35,2,1,3,1,4,5,NA
4,1,2,3,2,1,1,10,8,1,1,1,1,1,4,1,27,2,1,6,1,4,10,76001
4,2,2,3,2,5,10,5,8,1,1,1,1,1,4,1,35,2,1,7,1,1,10,76004
1,1,2,3,2,7,5,1,2,1,1,3,3,1,4,1,55,2,1,4,1,3,6,NA
3,2,2,3,3,5,4,2,1,1,10,1,1,1,4,1,21,1,1,7,1,1,1,NA
1,2,2,3,2,1,1,1,7,1,1,1,1,1,4,1,21,2,1,7,1,3,10,NA
4,1,2,3,2,1,1,9,7,1,5,10,10,1,4,2,55,1,1,8,1,1,10,76002
3,2,2,3,2,5,9,10,6,5,1,1,10,1,4,1,55,1,0,7,1,4,8,76001
3,1,2,3,2,10,10,1,8,1,1,1,7,1,4,1,55,2,1,2,0,2,NA,76001
4,2,2,3,3,1,10,1,4,1,1,1,1,1,4,1,27,2,1,5,0,1,2,NA
4,1,2,3,1,1,10,1,6,1,1,1,1,1,4,1,55,1,1,5,1,2,1,NA
4,1,2,3,2,1,7,5,8,1,1,1,1,1,2,2,21,2,1,3,0,2,NA,NA
NA,2,2,3,2,1,10,1,8,1,1,1,1,1,4,2,21,2,0,4,0,NA,NA,NA
4,2,2,3,3,1,10,1,6,4,2,1,3,2,4,1,21,1,1,7,1,1,6,76001
1,1,1,3,2,10,10,10,1,1,1,5,10,1,4,1,45,2,1,7,1,3,10,NA
1,3,2,3,2,1,10,1,6,10,1,1,10,1,4,2,21,2,1,2,1,1,10,76021
3,1,2,3,3,1,1,2,6,1,5,3,2,2,4,1,45,1,1,7,1,3,4,NA
4,1,2,3,1,10,1,1,2,1,1,1,10,10,1,2,21,2,1,7,0,3,5,76001
2,2,2,3,2,6,6,6,6,1,1,5,5,1,3,1,35,2,1,6,1,1,5,NA
1,1,1,3,2,4,5,4,2,6,1,3,7,6,4,1,55,1,1,7,1,3,8,NA
4,2,2,3,2,8,3,2,8,1,1,1,10,1,4,2,55,1,0,5,1,2,5,NA
1,1,2,1,1,7,6,5,6,1,1,2,8,3,4,2,35,3,1,4,1,2,5,NA
4,1,2,3,3,1,10,3,2,1,10,1,10,1,4,2,27,1,0,7,1,1,NA,NA
1,1,2,3,2,1,10,1,2,1,5,10,10,10,4,2,45,2,0,5,1,3,5,NA
NA,2,2,3,2,8,10,1,8,1,1,1,1,1,3,1,27,2,0,8,1,1,NA,NA
3,1,2,3,2,1,9,9,1,2,1,1,1,1,4,1,35,1,1,8,1,1,2,76002
4,1,2,3,2,3,5,5,6,5,1,1,1,1,3,1,35,2,1,3,1,3,6,NA
1,1,2,3,1,10,1,1,4,1,1,1,10,10,3,1,35,3,1,7,1,3,1,NA
2,1,2,3,1,7,3,6,7,7,2,1,3,2,3,2,21,2,1,7,1,2,7,76002
4,1,2,3,3,7,4,5,7,8,2,1,1,2,4,2,21,1,1,8,1,2,10,NA
1,1,1,3,2,9,10,10,2,1,4,3,3,1,NA,2,35,2,0,7,0,4,3,76001
2,1,2,3,2,10,1,2,1,1,7,5,7,1,4,1,55,1,1,7,1,3,2,76004
3,1,2,3,2,1,1,1,7,1,1,10,10,1,3,2,27,2,0,5,1,2,10,NA
1,1,2,3,1,7,5,2,4,1,1,1,8,1,2,1,21,2,1,7,1,2,5,76002
1,2,2,1,3,8,1,1,3,10,10,1,10,1,3,2,21,2,0,7,1,2,5,NA
1,2,2,3,2,6,NA,10,7,1,1,1,8,1,4,2,45,2,0,7,1,4,NA,76002
3,3,2,3,2,3,2,1,1,1,10,2,3,1,4,1,45,2,1,5,1,2,NA,NA
4,2,2,3,1,4,4,7,1,3,1,1,4,1,1,1,21,NA,1,8,0,3,2,NA
NA,1,2,3,2,8,NA,5,5,6,1,1,1,1,3,2,21,2,1,8,1,2,4,NA
3,1,1,3,2,1,5,NA,3,1,1,6,10,1,3,1,45,1,1,8,1,1,NA,NA
2,1,2,2,2,3,5,1,2,4,1,1,4,1,3,1,45,2,1,7,1,0,2,NA
3,1,2,3,2,8,4,2,2,1,1,1,1,1,4,2,35,2,1,2,1,3,3,76002
2,2,2,1,2,1,5,10,2,1,1,5,5,1,3,2,21,2,1,6,1,3,5,NA
1,1,2,1,3,4,9,4,2,1,1,1,2,1,4,1,45,2,1,8,1,3,NA,76001
4,3,2,3,3,10,NA,1,7,1,1,1,10,1,4,2,55,1,1,8,0,3,10,NA
1,1,2,3,2,1,6,1,1,1,1,1,10,1,4,1,27,2,1,8,1,4,NA,76002
4,1,2,3,2,7,5,1,2,1,2,6,5,1,3,2,21,2,1,7,1,1,10,76001
1,2,2,2,2,8,1,1,8,5,5,1,1,1,4,2,35,3,1,7,1,3,5,76003
4,1,2,3,1,4,5,7,7,1,8,1,7,1,4,2,35,1,1,8,1,2,2,NA
NA,2,2,3,2,7,9,4,6,6,1,2,3,1,4,1,35,1,1,7,1,3,5,NA
1,1,2,3,2,9,5,9,2,1,1,1,1,1,4,1,35,2,1,6,1,1,1,NA
4,1,1,3,3,4,3,3,7,1,1,1,1,1,2,1,55,1,1,8,1,2,8,NA
4,1,2,3,2,1,10,1,7,1,10,1,1,1,2,1,35,2,1,8,0,3,NA,NA
3,2,2,3,2,8,5,4,2,7,1,1,4,1,4,1,45,2,NA,7,1,1,7,NA
3,1,2,3,2,9,1,1,6,1,1,1,4,1,4,2,35,2,0,3,1,3,7,76004
4,1,2,3,2,10,10,1,8,1,5,1,10,1,4,2,45,1,0,3,1,1,5,NA
4,2,2,3,3,5,10,2,1,5,1,1,1,1,1,1,45,1,0,7,1,2,10,NA
4,1,2,3,3,5,1,1,1,1,1,1,1,1,4,2,55,1,0,8,0,2,7,76001
1,1,2,3,2,10,1,1,2,5,2,1,7,1,4,1,45,2,1,5,1,1,10,76007
4,2,2,3,2,9,9,NA,1,NA,1,1,1,1,3,1,21,1,1,8,1,NA,NA,76001
2,1,2,3,2,3,6,4,1,1,1,3,8,1,4,2,35,3,1,4,1,2,6,NA
3,2,2,2,1,5,9,3,8,3,9,1,9,1,1,2,27,2,0,5,0,2,1,76002
1,1,2,3,2,10,10,1,6,3,1,5,5,1,4,1,35,1,1,8,0,0,5,NA
2,1,2,3,2,10,9,1,2,1,1,6,5,1,4,1,55,1,1,7,1,3,5,NA
1,1,2,3,2,2,2,7,7,2,1,1,6,4,4,2,27,3,0,7,1,3,8,76019
1,1,2,3,2,9,2,1,6,1,1,4,7,1,4,1,45,2,1,7,1,1,8,76001
1,2,1,2,2,5,5,10,8,1,4,1,5,1,4,2,21,3,1,7,0,4,5,NA
1,1,2,3,1,8,5,8,7,1,1,1,1,1,3,1,35,2,1,7,1,5,5,NA
1,1,1,1,1,9,7,1,3,1,1,1,9,9,2,1,27,2,1,8,1,4,8,76002
4,1,2,3,1,8,8,3,2,1,1,1,1,1,2,1,21,2,0,8,0,2,4,76002
1,1,2,3,2,5,5,4,2,5,4,7,10,6,2,1,21,2,1,8,1,4,5,76002
4,1,2,3,2,8,1,1,7,1,10,1,10,1,4,2,55,1,1,7,1,2,NA,NA
3,1,2,2,1,10,10,1,7,1,6,6,4,1,4,2,35,3,1,2,0,3,1,NA
1,1,2,3,2,10,10,9,5,5,1,2,2,1,3,1,35,2,1,2,0,0,5,NA
1,1,3,3,1,5,5,2,2,1,1,1,7,1,4,1,55,2,1,4,1,0,10,76003
3,1,2,3,2,4,1,2,2,1,1,1,1,1,4,1,55,1,1,8,1,2,5,76001
4,1,2,3,2,8,7,8,2,1,1,1,4,4,1,1,21,2,1,7,1,1,1,NA
4,1,2,1,3,1,1,1,7,1,1,1,1,1,4,1,35,2,1,2,1,4,10,NA
1,1,1,3,2,10,1,1,7,1,1,1,1,1,3,1,55,1,1,2,1,1,10,76001
NA,1,2,3,2,5,10,NA,7,1,1,1,1,1,4,1,55,2,1,8,1,2,10,NA
4,1,2,1,1,10,1,1,6,10,1,1,10,1,4,1,35,2,1,8,1,1,1,76001
3,1,2,3,1,1,1,10,7,1,1,1,6,1,2,1,21,2,1,7,0,NA,NA,76002
1,2,2,1,2,9,2,3,7,5,1,5,7,2,1,1,35,3,1,2,1,2,5,NA
4,1,2,3,3,10,8,1,7,1,1,1,1,1,1,2,55,1,1,4,1,NA,NA,NA
1,3,2,3,2,1,10,10,2,1,10,1,1,1,4,2,55,1,0,8,1,2,NA,NA
1,2,2,3,2,5,9,4,8,3,2,2,5,1,4,1,55,1,1,8,1,1,7,NA
1,1,1,2,2,9,1,1,4,5,1,6,6,1,2,1,55,3,1,8,1,2,5,NA
NA,1,2,2,NA,NA,10,1,8,NA,NA,NA,NA,1,1,1,35,1,1,4,0,NA,NA,NA
1,2,2,3,2,10,9,10,5,1,6,5,5,1,4,1,35,2,1,4,1,2,5,76001
3,2,2,3,2,3,10,1,6,1,1,1,1,1,4,1,55,1,1,2,1,1,5,NA
1,1,2,3,2,6,3,1,6,1,1,5,5,1,4,1,35,2,1,8,1,2,5,NA
3,1,2,3,2,10,7,1,7,1,1,1,4,1,4,1,55,2,1,8,1,1,9,NA
4,1,2,3,2,1,1,1,6,1,10,1,10,1,4,2,55,1,0,7,1,2,10,NA
1,1,1,3,1,1,1,1,1,1,1,7,7,1,2,1,35,1,1,5,1,4,10,76021
1,1,1,3,2,7,4,4,4,1,5,5,10,1,4,1,45,2,1,5,1,3,4,76003
1,1,2,3,3,10,1,1,4,1,1,1,8,1,3,1,27,2,1,7,1,2,5,NA
4,2,2,3,2,1,10,10,7,1,1,1,10,1,4,2,55,1,0,7,1,0,10,NA
1,2,2,3,2,6,1,1,2,5,10,1,5,5,4,1,35,2,1,7,1,1,5,NA
4,1,2,3,2,1,1,1,8,1,1,1,5,1,4,2,55,1,1,5,0,3,NA,NA
3,1,3,2,2,10,1,1,7,10,5,1,5,5,4,1,35,2,0,2,0,4,NA,NA
4,2,2,3,3,3,3,3,8,1,1,1,10,1,3,1,55,1,1,8,1,4,2,76021
4,2,2,3,3,3,3,3,6,5,1,1,5,1,4,2,55,1,0,8,1,2,5,NA
2,1,2,3,2,3,9,4,6,3,1,1,8,2,3,1,45,2,1,4,1,3,4,NA
1,1,3,3,2,5,1,5,7,5,1,1,1,1,1,1,55,1,1,8,1,NA,5,NA
1,1,2,2,2,5,1,1,2,1,7,9,10,5,4,1,27,2,1,8,1,3,5,76004
4,1,2,3,3,10,10,10,6,1,1,1,1,1,4,1,27,1,1,8,1,1,5,NA
1,1,2,2,2,1,1,1,8,1,1,7,8,1,4,1,35,2,1,8,0,1,5,76001
3,1,3,3,2,4,8,4,6,1,1,1,5,1,4,2,55,2,1,8,1,0,10,NA
4,2,2,3,1,1,10,1,6,1,1,1,1,1,1,1,55,1,1,5,1,3,10,NA
2,2,2,3,2,7,7,5,8,1,1,1,5,1,3,2,55,2,1,2,0,0,NA,NA
1,1,1,3,2,1,1,1,6,1,1,1,1,1,4,1,55,2,0,8,0,1,NA,NA
2,2,2,3,2,3,3,3,2,4,1,1,1,1,4,1,55,2,1,8,0,3,8,NA
4,2,2,2,2,10,6,1,6,1,1,1,1,1,4,2,35,3,1,4,1,4,6,76021
2,3,2,3,2,10,5,NA,3,1,1,4,5,1,4,2,55,2,0,8,1,2,NA,NA
4,2,2,3,1,1,1,1,8,5,1,1,1,1,2,2,35,1,0,8,1,2,NA,NA
4,1,2,3,3,3,4,3,2,1,1,1,5,1,4,2,21,1,0,8,1,0,NA,76001
4,2,2,3,2,4,5,5,7,1,1,1,1,1,4,2,55,1,1,8,1,0,9,76003
3,2,2,3,2,3,5,3,2,3,1,5,1,5,4,1,55,1,1,7,1,3,5,76001
4,2,2,3,2,10,10,10,7,10,1,1,10,1,4,2,21,2,NA,5,1,2,NA,NA
4,2,2,3,3,5,5,5,4,8,1,8,5,1,4,1,55,1,1,8,1,0,9,76001
2,2,2,3,2,7,1,1,4,1,1,5,1,1,4,1,55,1,1,8,1,1,10,NA
2,1,2,2,1,6,5,4,2,1,1,3,5,3,4,2,35,2,0,4,1,3,3,NA
2,2,2,3,2,5,6,7,7,1,1,1,5,6,4,2,21,2,0,5,1,3,10,76021
4,2,2,1,3,7,5,8,8,1,1,1,1,1,4,2,21,1,0,4,1,2,NA,NA
3,1,1,3,2,10,10,1,8,9,1,1,1,1,4,2,55,2,1,8,1,3,10,NA
NA,3,1,3,2,5,NA,NA,8,1,5,5,5,1,4,2,27,1,0,7,1,1,5,NA
1,1,2,3,2,3,4,4,2,4,1,1,1,1,3,2,27,2,0,8,1,3,1,NA
3,2,2,3,2,9,3,2,7,1,1,1,6,1,3,2,21,2,1,8,1,2,1,76002
4,1,2,3,1,10,10,10,2,6,1,1,8,1,4,2,27,2,0,8,1,1,10,NA
2,2,1,3,2,5,5,5,6,1,1,1,5,1,4,1,21,1,1,7,1,1,5,NA
3,2,1,3,2,1,7,4,6,1,1,1,1,1,4,1,55,1,1,8,1,1,10,NA
1,1,1,3,2,10,10,3,6,1,10,5,10,1,4,2,21,3,1,5,1,0,1,76004
1,2,2,3,2,5,5,5,7,4,1,1,1,1,4,1,55,1,1,3,1,2,6,NA
1,2,2,3,2,5,5,1,2,1,1,5,5,1,4,2,35,2,1,4,1,2,5,NA
1,1,2,3,2,1,5,1,8,1,1,1,1,1,4,2,35,2,0,8,1,3,10,NA
2,3,2,3,2,7,5,3,6,1,1,1,5,2,3,1,21,2,1,8,1,2,NA,NA
1,2,2,3,2,10,1,1,3,1,1,1,1,1,4,1,55,1,1,6,0,2,5,NA
1,3,2,3,2,4,10,4,7,2,6,2,4,1,4,1,55,1,1,5,1,NA,1,NA
2,1,2,3,2,5,10,5,7,1,5,1,10,1,2,2,35,2,1,8,0,3,4,76002
1,2,2,3,2,10,1,1,7,1,8,5,1,1,3,2,55,2,1,7,1,3,NA,NA
NA,1,2,3,1,1,5,5,7,1,10,5,10,1,4,2,35,1,0,5,0,2,5,NA
3,1,2,3,2,4,8,3,7,1,7,1,3,1,4,2,45,2,0,8,1,3,7,NA
1,1,1,3,2,10,1,1,6,1,4,1,6,1,4,1,55,1,1,8,1,2,7,NA
1,1,2,2,1,7,5,4,3,5,5,5,5,5,3,2,27,3,1,8,1,1,5,NA
4,2,2,3,2,1,5,NA,4,1,1,5,1,1,4,1,55,2,1,6,1,NA,NA,76021
3,1,2,3,2,8,6,7,6,4,1,1,10,1,4,1,45,2,1,4,1,2,10,76007
1,2,1,1,1,1,5,1,5,1,10,6,10,1,4,2,35,3,1,4,1,3,5,NA
2,2,2,3,2,6,5,6,3,2,1,1,1,1,4,1,55,1,1,8,1,1,6,NA
1,2,2,3,NA,NA,NA,1,1,3,NA,1,1,1,4,2,55,1,0,4,0,NA,NA,NA
4,3,3,3,NA,10,10,NA,4,1,1,1,1,1,4,2,55,1,1,8,1,NA,6,NA
4,1,2,1,3,10,1,1,5,5,1,1,5,10,4,1,35,2,0,2,0,1,10,76021
4,2,2,3,3,1,6,2,7,1,1,1,1,1,4,2,45,1,0,8,1,1,6,NA
4,2,1,2,NA,NA,NA,NA,3,9,9,5,5,1,4,2,55,1,0,7,0,NA,NA,NA
4,2,2,3,2,6,5,1,5,1,1,1,1,1,3,1,21,3,0,7,1,4,6,76003
1,1,2,3,2,10,1,1,2,10,10,10,10,10,3,2,35,3,1,8,1,3,3,76002
4,2,2,3,2,1,7,8,1,2,10,2,10,2,3,1,21,2,1,8,1,1,3,76001
4,2,2,3,1,1,10,1,8,10,1,1,1,1,4,1,21,2,1,8,0,2,3,NA
1,1,2,2,2,8,4,2,2,2,1,1,6,2,1,1,27,3,1,5,1,2,3,76004
4,1,2,3,2,10,10,1,2,1,1,1,1,1,4,2,35,2,1,2,1,NA,NA,NA
4,3,3,3,NA,4,6,1,2,4,1,5,6,1,4,2,55,1,0,3,0,2,8,76001
1,2,1,3,2,3,3,1,2,5,1,1,1,1,3,2,45,3,1,8,1,1,5,NA
3,1,2,3,1,10,1,1,7,1,1,4,3,1,4,1,45,3,1,5,1,3,1,76004
1,1,2,2,2,7,4,4,1,1,7,8,10,8,4,2,27,3,1,8,1,2,4,76001
NA,2,2,3,2,8,8,4,4,5,1,1,6,1,4,2,45,1,0,3,1,1,10,NA
2,1,1,3,3,6,5,9,8,7,1,2,6,1,4,1,21,2,0,8,0,2,5,NA
4,1,2,3,2,10,NA,3,6,1,4,6,5,1,3,2,45,1,1,6,1,2,NA,NA
1,1,2,3,2,8,7,1,8,1,1,4,8,1,3,2,35,3,1,8,1,2,8,NA
3,2,2,2,2,5,10,5,2,5,1,1,1,1,4,2,27,2,0,7,1,3,1,NA
3,1,2,3,2,6,4,4,6,8,1,1,5,1,4,2,27,2,1,2,1,0,5,NA
1,1,2,2,1,7,5,2,2,10,5,5,5,5,1,1,35,2,1,8,1,3,4,76002
4,2,2,3,2,1,10,1,7,10,4,4,4,3,4,1,55,1,1,7,0,3,10,NA
1,2,2,3,2,10,10,1,7,1,1,4,1,1,4,2,55,2,0,5,1,3,10,NA
4,1,1,3,3,1,8,1,6,1,1,1,1,1,4,2,21,2,0,8,1,1,3,NA
1,1,3,2,2,3,5,5,8,1,5,2,2,5,4,2,21,2,1,8,1,4,3,NA
3,2,2,1,1,10,10,1,1,1,9,10,10,5,4,2,27,2,0,8,1,3,1,76002
4,2,2,3,2,7,5,4,7,1,1,1,1,1,4,2,55,2,0,8,0,2,5,NA
3,2,2,3,2,5,5,3,8,2,1,1,6,1,4,2,45,2,1,6,1,1,8,76019
3,1,1,3,2,5,5,1,6,1,1,1,5,1,3,1,35,2,1,8,1,3,5,NA
1,3,2,2,2,7,5,5,6,3,1,1,7,1,3,1,21,2,1,8,1,3,4,NA
4,2,2,3,2,10,1,1,7,1,1,1,1,1,3,1,55,1,1,8,1,3,NA,NA
NA,1,2,2,2,7,1,1,7,5,1,1,5,1,3,1,55,3,1,8,0,5,5,NA
4,1,2,3,2,7,5,4,2,1,5,7,10,1,4,1,27,2,1,8,0,3,5,76001
4,2,2,3,2,4,9,5,6,9,1,1,10,1,4,1,55,1,1,2,1,0,5,NA
4,3,3,3,2,1,1,10,5,2,1,1,1,1,4,1,35,1,1,4,0,0,10,NA
1,2,2,3,2,8,3,1,8,4,1,1,1,1,4,1,27,2,1,7,0,2,5,NA
1,2,2,1,1,7,6,4,5,3,5,5,5,2,3,2,21,2,0,8,1,1,4,76002
1,2,2,3,2,10,1,1,8,1,1,1,1,1,4,1,55,1,1,8,1,2,10,76001
1,1,2,2,2,8,4,3,2,1,7,6,1,1,4,2,35,3,0,8,1,3,9,76003
1,1,2,2,2,10,5,5,1,10,10,10,10,1,3,2,55,2,0,8,1,4,5,NA
2,2,2,3,1,8,5,10,3,10,6,1,5,1,3,2,21,2,1,8,1,3,5,NA
1,3,1,2,NA,8,NA,1,8,1,1,1,5,1,1,1,45,1,1,7,1,1,NA,NA
1,1,2,3,1,8,6,7,6,5,1,5,5,1,2,2,21,2,1,8,1,0,5,NA
3,1,2,3,2,1,10,7,3,1,9,1,10,1,4,2,35,2,0,7,1,2,NA,76004
4,1,1,3,1,4,NA,6,3,NA,5,10,NA,NA,2,2,21,2,0,8,1,NA,2,76002
1,1,2,3,1,1,10,6,3,1,8,8,10,1,4,2,35,2,1,8,1,5,1,76002
2,1,2,3,2,6,7,9,6,1,4,8,1,1,4,2,27,3,0,8,0,3,5,NA
1,1,2,3,2,10,5,1,2,1,1,1,8,1,4,2,27,3,1,5,1,3,NA,NA
1,1,2,3,2,8,2,1,8,1,1,1,5,1,4,2,35,2,0,7,1,4,5,NA
4,1,2,3,2,7,3,3,2,1,1,8,8,1,3,1,27,2,0,2,1,0,5,76002
1,1,2,3,2,9,1,1,6,2,1,8,8,1,4,1,35,1,1,7,1,0,3,NA
1,1,1,3,2,8,1,1,1,1,8,5,8,1,4,1,35,2,1,5,1,1,7,NA
3,2,2,3,2,5,8,7,1,1,10,8,10,1,4,1,35,1,1,6,0,4,8,76021
1,3,2,3,2,10,9,2,7,1,1,1,1,1,4,2,21,2,0,6,1,2,NA,NA
3,1,2,3,2,8,8,4,2,1,1,1,1,1,3,1,21,2,0,4,0,0,5,76001
4,1,2,3,NA,2,9,9,6,1,1,1,1,1,4,2,35,1,1,6,1,2,NA,NA
4,2,2,3,2,9,1,1,1,5,1,5,7,1,4,1,45,2,1,6,0,0,1,NA
NA,NA,NA,3,NA,NA,NA,NA,6,1,1,1,1,1,4,2,55,1,0,8,1,NA,NA,NA
1,1,2,3,NA,NA,10,NA,8,1,1,1,1,1,4,2,55,1,1,7,0,NA,NA,NA
3,1,1,3,3,1,10,10,7,1,1,5,1,1,4,1,55,1,1,7,1,2,5,NA
1,1,2,2,2,1,2,1,6,5,5,2,2,5,3,1,45,2,1,4,1,2,2,76002
1,2,2,3,2,9,1,1,2,1,1,1,5,1,3,1,35,2,1,4,1,2,10,NA
1,1,2,2,1,1,5,8,4,1,5,1,5,2,3,2,21,3,0,7,1,5,2,76002
4,1,2,3,2,1,7,1,1,1,1,1,1,1,4,1,21,1,1,8,1,2,7,NA
1,2,2,3,2,1,1,1,6,NA,1,1,10,1,4,2,55,1,1,8,0,1,10,NA
4,1,2,3,2,1,10,1,7,10,1,1,1,1,4,2,21,2,1,7,0,2,10,NA
1,3,2,3,2,NA,10,1,4,1,1,10,10,1,4,2,35,2,1,8,0,1,6,76002
2,1,1,3,2,7,5,1,7,5,1,5,5,5,3,1,21,2,1,6,1,3,5,76002
4,1,2,3,2,10,1,1,1,1,1,5,10,1,3,1,55,2,1,5,1,1,10,NA
4,3,3,3,2,8,1,10,4,5,1,2,5,1,3,1,35,2,1,8,1,1,3,76002
1,1,2,1,2,2,1,1,7,5,5,1,5,5,3,2,27,2,1,6,1,4,3,76002
1,2,2,3,2,6,8,3,7,2,1,1,2,1,4,1,27,2,1,8,1,1,7,76021
4,1,1,3,2,6,1,2,7,1,1,1,3,1,4,2,35,1,0,8,0,1,NA,NA
1,1,2,3,2,10,6,6,7,2,1,8,10,4,4,1,55,1,1,8,1,2,7,76004
1,2,1,3,1,8,8,4,6,1,1,5,7,2,4,1,55,1,1,8,1,1,8,NA
2,1,1,3,2,9,NA,10,2,1,1,1,10,1,4,2,55,1,0,7,1,NA,NA,NA
1,2,1,2,2,10,1,1,5,5,1,5,10,1,3,1,45,2,1,8,1,3,5,NA
1,2,2,3,2,9,1,10,8,1,1,1,10,1,4,1,21,1,0,5,1,1,9,NA
1,1,2,3,2,7,3,2,7,2,2,7,8,2,2,2,21,3,0,8,1,2,8,NA
NA,3,3,3,2,5,NA,5,8,1,1,1,5,1,3,1,45,1,1,4,1,2,5,NA
2,2,2,3,2,5,4,4,8,1,1,1,3,1,3,1,21,2,1,8,1,3,5,76003
NA,2,2,3,3,1,8,10,8,1,1,1,1,1,4,2,55,1,0,8,1,2,10,76001
4,1,2,3,2,3,5,4,3,1,1,1,3,1,4,2,35,2,0,8,1,2,5,76001
2,1,2,3,2,8,7,3,7,2,8,10,7,10,3,1,21,1,0,8,1,1,8,NA
2,1,2,3,2,1,1,1,8,10,2,1,1,1,4,1,21,1,0,3,1,0,4,NA
1,1,2,3,2,7,7,8,4,3,4,4,6,4,4,2,35,2,1,7,1,1,5,NA
1,1,2,2,2,5,4,1,1,5,5,1,4,1,4,1,27,2,1,8,1,3,4,NA
NA,1,2,2,2,7,8,2,6,2,1,1,2,2,3,2,35,1,0,8,1,3,NA,NA
2,1,2,3,2,5,4,9,7,9,4,1,7,4,4,2,27,2,1,8,1,2,7,NA
4,2,2,3,2,1,1,10,2,10,10,10,10,1,1,1,35,2,1,8,1,2,2,76001
4,2,2,3,2,5,5,6,7,1,1,1,5,1,4,1,21,1,0,8,1,2,NA,NA
NA,2,2,3,1,10,8,5,6,1,1,1,1,1,3,1,45,1,1,2,1,2,2,NA
4,1,1,3,3,7,8,7,7,7,1,1,1,1,4,2,35,1,1,7,1,3,8,NA
3,2,1,2,2,7,5,1,2,7,9,9,10,1,4,2,21,3,1,6,1,2,6,NA
4,1,2,3,2,4,8,4,7,3,1,1,4,1,3,2,27,1,1,3,1,1,5,NA
1,1,2,3,3,10,8,3,6,3,1,1,3,1,3,2,21,2,0,8,0,2,1,NA
1,2,2,3,2,10,8,10,1,1,1,1,1,5,2,1,21,2,1,6,1,3,6,NA
3,1,1,3,2,10,8,4,8,1,1,1,1,1,4,2,45,2,1,7,1,0,10,76004
1,1,2,3,2,1,1,1,3,3,1,5,5,5,3,1,35,2,1,7,0,2,5,NA
1,2,2,3,2,1,5,5,1,4,1,5,5,1,3,1,21,2,0,8,1,3,8,NA
1,2,3,3,2,3,2,4,6,5,3,1,7,9,2,1,21,2,1,6,1,0,2,NA
4,2,2,3,3,1,5,1,7,1,1,1,1,1,4,2,35,1,1,3,1,2,1,76001
2,1,1,3,2,10,NA,1,2,1,5,1,6,1,3,2,21,2,NA,7,1,2,NA,NA
1,1,3,3,2,6,10,10,1,1,1,1,7,1,3,1,55,3,1,5,1,NA,5,NA
2,2,2,3,2,6,4,8,7,1,1,1,5,1,4,2,21,2,1,3,1,1,10,76019
3,1,1,3,1,9,8,5,7,1,1,1,1,1,4,2,55,1,1,7,1,1,NA,NA
NA,1,2,3,2,1,1,1,6,10,1,1,10,1,4,2,45,2,1,8,1,0,10,NA
1,1,2,3,2,3,5,5,5,1,6,8,10,1,4,2,27,2,1,8,1,3,5,NA
4,2,2,3,2,1,1,1,6,1,1,1,7,1,4,2,27,2,1,8,1,0,NA,76004
1,1,2,1,2,7,1,1,6,3,1,5,5,5,4,1,35,2,1,8,1,3,6,NA
1,3,2,2,1,1,10,9,2,1,9,7,10,9,2,2,27,3,1,2,1,NA,1,76002
4,1,1,3,1,8,7,9,3,1,1,1,6,6,2,2,27,2,1,7,0,2,5,NA
3,1,2,3,1,7,4,4,6,1,1,1,4,1,4,1,45,3,1,3,1,3,5,NA
1,1,2,3,2,10,10,1,7,1,1,1,10,1,4,2,35,2,0,5,0,1,10,NA
4,3,2,3,2,10,10,10,2,2,1,1,10,1,3,2,35,1,0,7,1,2,10,76002
4,1,2,2,2,10,1,8,5,2,1,1,10,1,4,2,27,2,1,8,0,1,10,NA
3,1,2,3,2,1,10,2,6,6,2,1,5,1,4,2,27,2,1,8,1,1,NA,76004
1,1,2,3,2,NA,NA,NA,1,1,1,10,10,1,2,1,35,2,1,7,1,3,5,76004
3,2,2,3,2,7,8,8,7,5,1,1,3,1,2,2,45,2,1,8,1,1,8,NA
2,2,2,3,2,7,3,2,8,1,5,5,5,1,4,2,55,3,1,8,1,4,5,76019
4,3,2,3,2,NA,NA,NA,8,1,1,1,5,1,4,2,55,1,0,6,1,NA,NA,NA
3,1,1,3,2,1,10,1,8,1,1,5,6,1,4,2,27,2,1,5,1,3,10,76001
1,1,1,3,1,10,10,1,2,2,9,5,10,10,4,2,27,2,1,8,1,4,5,76001
1,2,2,3,1,7,8,2,2,5,9,10,10,1,4,2,21,2,0,8,0,2,4,76002
1,1,1,3,2,3,5,5,2,2,5,2,9,1,3,2,35,2,1,6,1,2,3,76002
4,1,2,3,2,10,2,10,2,1,1,1,1,1,4,2,27,2,1,7,1,2,1,76001
2,1,2,2,1,10,10,1,8,5,1,6,6,5,4,1,21,3,1,2,1,4,1,5
3,2,2,2,2,1,3,1,3,5,1,2,3,1,1,2,21,2,0,8,1,3,1,5
1,2,2,3,2,1,1,1,6,1,1,1,8,1,3,1,35,1,1,6,1,3,4,5
2,2,2,2,3,1,1,1,6,1,1,1,7,1,4,1,45,1,1,8,1,2,9,5
1,2,2,3,2,4,4,3,8,1,1,4,7,1,4,2,27,2,0,6,0,2,7,NA
4,1,2,3,2,1,1,1,6,1,1,1,5,1,1,1,55,1,1,7,0,3,5,NA
4,1,2,3,2,5,9,8,8,2,1,1,1,1,4,2,55,1,0,8,1,NA,NA,NA
1,1,2,3,2,8,9,5,3,5,8,1,1,1,4,2,45,1,0,6,1,0,NA,NA
1,1,2,1,1,4,3,3,4,1,7,5,10,1,3,2,21,2,1,7,1,3,2,5
3,1,2,3,2,5,4,2,8,8,4,6,8,4,4,2,55,1,1,8,1,0,10,NA
2,1,2,1,1,6,7,2,1,3,1,6,10,8,4,1,21,2,0,7,1,3,4,NA
4,2,2,3,2,3,4,4,5,3,1,1,1,1,4,1,27,1,1,8,0,1,10,NA
3,3,1,3,2,1,NA,1,6,1,1,1,10,1,4,2,55,1,0,8,1,1,5,NA
1,1,2,3,2,5,3,1,1,1,5,5,5,5,3,1,35,3,1,6,1,4,3,76004
3,1,2,2,1,5,7,5,1,1,1,3,10,1,4,1,27,2,0,7,1,2,5,76002
1,3,2,3,2,1,1,1,1,1,1,4,8,1,4,1,55,1,1,8,1,2,10,76007
1,2,1,3,2,8,7,8,4,4,4,1,7,1,4,2,45,1,0,7,1,0,6,NA
4,2,2,3,1,6,7,5,6,1,1,6,10,8,4,1,27,2,0,7,1,0,1,76002
2,2,2,3,2,6,5,2,2,1,7,8,10,1,2,2,45,3,1,7,1,5,8,NA
1,1,2,2,2,7,1,1,3,10,5,5,10,2,3,1,45,3,1,8,1,3,6,76003
1,1,1,3,NA,5,5,1,4,1,1,1,1,1,4,1,45,1,1,8,0,1,8,76001
4,3,2,2,2,1,10,1,2,1,1,1,5,1,4,1,45,1,1,8,1,1,5,NA
1,1,2,3,2,6,1,1,2,1,6,1,10,1,4,2,35,2,0,8,0,3,1,76002
3,2,2,3,2,8,7,1,7,1,1,1,1,1,4,2,45,3,1,4,1,4,6,NA
1,1,2,3,2,10,1,1,6,5,1,10,10,1,4,1,55,2,1,7,1,3,5,NA
1,2,2,3,3,10,1,1,8,1,1,1,1,1,4,1,55,1,1,8,1,1,5,NA
3,2,2,3,2,8,7,1,4,1,1,1,1,1,4,1,27,3,1,6,1,2,10,76007
1,1,2,2,2,9,3,2,2,6,1,5,5,6,2,1,21,3,0,7,1,3,7,NA
1,1,2,3,2,1,3,7,6,1,10,3,4,10,4,1,45,1,1,7,1,2,1,76002
1,2,2,3,1,4,4,1,6,2,1,1,5,5,4,1,21,2,0,5,1,4,3,76007
2,2,2,3,1,1,1,1,2,1,3,1,1,1,4,1,35,2,1,8,1,3,1,76003
4,3,2,3,2,1,6,3,6,2,1,1,5,1,4,1,21,2,0,8,0,3,5,NA
3,2,2,3,2,10,10,10,5,1,1,1,1,1,4,1,45,1,1,5,0,2,NA,NA
4,1,1,3,2,10,5,1,2,1,5,1,5,1,3,2,27,2,1,8,1,1,NA,NA
4,2,1,3,2,10,10,1,7,1,10,5,10,1,4,1,55,1,1,2,1,2,10,76001
1,1,2,2,2,NA,NA,5,1,5,10,4,10,5,3,1,27,3,1,7,1,5,NA,NA
1,2,2,2,2,8,2,3,2,7,2,8,8,5,4,1,35,3,1,7,1,0,6,NA
4,2,2,3,1,1,5,1,2,10,5,1,10,1,4,1,55,1,1,7,0,3,1,76003
1,2,2,3,2,5,5,7,8,1,1,1,1,10,4,2,55,1,0,8,1,2,NA,76002
2,2,2,3,3,4,10,3,8,3,1,1,1,1,4,1,27,1,1,8,1,4,1,NA
4,1,2,3,2,8,8,7,2,1,1,1,10,1,4,1,55,3,1,6,1,4,7,76001
3,1,2,2,1,3,1,1,2,6,3,3,2,8,4,1,35,2,1,8,1,5,1,NA
4,3,2,3,3,3,8,8,6,6,1,1,1,1,4,2,35,1,0,8,0,1,10,NA
1,1,2,2,1,6,2,2,2,7,8,5,5,5,3,2,45,3,1,8,1,4,1,NA
4,1,2,3,3,2,7,3,6,9,2,2,3,1,3,2,21,2,0,8,0,2,9,NA
4,2,2,3,2,8,2,1,7,1,1,1,1,1,4,1,55,2,1,8,1,1,NA,NA
4,2,2,3,3,10,1,1,2,1,1,1,8,1,3,1,35,1,1,8,1,2,NA,NA
4,1,2,3,3,5,3,2,2,2,1,1,1,1,3,2,35,2,1,8,1,3,NA,NA
1,1,2,3,2,10,1,1,8,1,1,5,5,5,NA,1,45,3,1,8,1,2,10,NA
4,1,2,3,3,1,1,1,4,1,1,10,10,1,4,1,35,2,1,7,1,1,5,76004
1,1,2,3,1,2,1,1,3,1,1,1,9,1,4,2,21,2,0,8,1,2,2,NA
3,2,2,3,2,6,5,4,3,10,1,1,4,1,2,2,21,2,0,8,1,2,8,76002
1,2,2,3,2,6,4,2,3,1,1,1,4,1,4,2,21,2,0,2,1,0,7,NA
4,2,1,2,2,10,1,1,4,1,1,1,1,1,4,1,21,2,0,5,1,3,10,76021
2,1,1,1,2,1,1,1,7,1,1,1,1,1,4,1,45,2,1,7,1,3,1,76004
2,1,2,3,2,1,5,1,3,2,3,1,5,1,4,1,35,2,1,7,1,4,5,76001
4,1,2,3,2,10,10,1,8,1,1,1,1,1,4,2,55,2,0,7,1,NA,10,NA
1,1,1,3,3,7,4,4,1,4,1,1,4,1,4,2,21,2,0,8,0,3,8,NA
3,1,2,1,2,2,8,9,4,6,3,8,10,7,4,1,21,2,0,8,1,1,5,NA
3,1,2,3,2,10,10,1,7,7,1,4,3,1,4,1,27,2,1,8,1,2,5,76002
4,1,2,2,2,5,4,3,2,6,4,4,7,5,3,2,35,2,1,8,1,4,5,76002
4,1,2,3,NA,10,1,1,6,1,1,1,1,1,4,1,27,2,1,7,0,3,1,76002
1,2,2,3,2,8,2,2,1,1,5,5,5,1,4,2,45,2,1,7,1,2,NA,NA
1,1,2,2,2,5,5,5,6,1,1,1,1,1,4,2,27,2,0,8,1,2,NA,NA
1,1,1,1,1,5,5,5,3,10,1,1,10,10,1,2,21,2,1,7,1,3,1,NA
1,1,2,3,2,10,1,1,2,1,1,1,10,1,3,2,27,2,0,4,1,2,5,NA
2,1,2,3,2,4,10,9,2,1,5,1,5,1,4,2,35,1,0,7,0,1,NA,NA
3,2,2,3,2,8,3,8,2,1,1,1,5,1,4,1,55,1,1,7,1,2,2,5
4,3,2,3,2,1,3,1,7,1,1,2,5,5,4,1,21,2,0,7,1,1,10,NA
2,2,2,3,2,5,1,3,5,2,1,1,1,2,3,1,55,3,1,7,1,2,5,NA
2,2,2,3,2,10,1,1,3,3,6,3,6,1,2,2,35,3,1,8,1,2,5,NA
1,3,2,3,2,1,1,1,6,1,1,1,10,1,4,1,45,1,1,2,0,0,10,5
1,1,2,1,2,8,3,5,7,1,5,5,5,4,3,1,21,2,1,3,1,4,6,NA
3,1,3,3,2,1,8,1,2,8,1,1,3,1,4,2,27,3,1,4,0,3,4,NA
2,1,2,3,2,5,9,8,5,3,3,3,4,1,4,2,55,1,0,7,1,3,6,NA
4,3,2,3,1,10,5,1,1,1,1,5,10,1,2,2,21,2,1,7,1,3,5,76002
1,1,2,3,2,1,10,1,7,1,1,4,10,1,2,2,27,2,0,8,1,4,10,5
1,1,2,3,2,2,8,1,8,4,2,2,8,3,4,2,55,2,1,2,1,2,NA,76006
2,1,2,3,2,10,5,1,1,5,10,10,4,1,1,1,55,1,1,8,1,1,5,76001
1,1,2,3,2,5,5,5,7,1,1,3,3,1,4,1,55,1,1,6,0,2,6,NA
1,1,1,3,2,8,8,1,7,2,7,1,5,1,4,2,27,2,1,8,1,3,NA,NA
2,1,3,3,2,9,8,10,7,1,1,1,5,1,4,1,45,1,1,8,1,3,NA,NA
2,2,2,1,3,8,9,4,7,5,3,6,2,2,3,1,27,2,0,5,0,1,4,NA
1,1,2,3,2,10,10,6,2,1,1,1,5,1,4,2,21,3,0,7,1,2,5,NA
4,2,2,3,2,10,1,10,6,1,1,1,7,1,3,1,27,2,1,4,1,0,1,76002
1,2,2,3,NA,NA,1,1,8,1,1,1,1,1,4,1,55,1,1,7,1,1,NA,NA
3,2,2,3,2,6,5,1,8,1,2,2,3,3,4,1,27,2,0,7,1,2,NA,NA
4,1,1,2,1,NA,6,1,6,1,10,1,10,5,4,2,27,2,1,8,1,3,5,NA
1,1,2,3,2,6,6,2,4,10,3,3,3,1,4,2,35,2,1,2,1,3,9,NA
3,2,2,3,3,10,10,1,6,3,3,3,10,4,3,2,27,2,1,6,0,2,10,NA
3,2,1,3,2,NA,10,1,7,1,1,1,1,1,4,2,55,1,0,5,1,2,NA,NA
3,2,2,3,2,10,10,1,8,1,1,1,1,1,3,2,21,1,1,6,1,1,10,NA
2,1,2,3,2,10,NA,1,2,1,5,5,10,1,3,2,45,2,1,7,0,2,NA,NA
1,2,2,3,2,10,1,1,2,4,1,6,10,4,4,1,21,2,1,7,1,3,3,76002
4,1,2,3,2,7,4,3,3,4,1,4,7,5,3,2,21,3,1,2,1,2,4,NA
2,1,2,3,2,5,8,2,7,6,1,5,5,1,3,1,21,3,1,8,1,3,7,76002
1,1,1,2,2,9,5,4,2,1,1,1,5,3,4,2,21,2,1,7,1,3,5,NA
3,1,1,3,2,5,7,5,3,1,1,1,5,5,4,1,21,2,1,3,1,3,3,NA
1,1,2,1,2,4,7,1,2,1,1,1,8,5,3,2,45,3,0,8,1,1,5,5
1,1,2,3,2,5,5,2,2,1,1,1,6,1,3,2,21,3,1,7,1,3,5,NA
1,2,2,2,2,4,7,4,2,2,5,5,10,3,1,2,27,3,1,7,1,2,3,5
1,1,2,3,2,9,9,5,2,2,1,1,5,1,4,1,21,2,1,8,0,3,1,NA
1,1,2,2,2,9,9,2,2,1,10,2,10,2,2,2,27,2,1,4,1,2,5,NA
3,1,2,3,2,10,7,8,6,1,1,1,5,1,4,1,55,1,1,4,1,2,5,5
4,2,2,3,2,7,8,8,8,1,1,1,1,1,4,2,55,1,0,7,1,1,9,NA
1,1,2,3,2,9,9,1,4,1,1,5,5,1,4,1,45,2,1,7,1,3,8,76001
4,2,2,3,2,9,8,2,8,8,1,1,1,1,4,2,45,2,1,2,0,2,NA,NA
1,1,2,3,2,9,9,2,4,1,1,1,1,1,4,2,45,2,1,8,1,1,7,NA
1,1,2,2,1,4,1,2,6,5,1,1,5,2,3,1,27,2,1,2,1,4,3,NA
3,1,1,3,NA,NA,NA,NA,8,1,1,1,1,1,4,2,55,1,0,7,1,NA,10,NA
1,1,2,3,2,10,1,1,2,10,5,1,10,1,4,1,35,2,1,5,1,2,1,76001
4,1,1,3,2,3,4,1,7,3,2,1,4,4,4,2,35,2,0,2,1,3,5,NA
3,1,2,3,3,9,7,5,1,3,6,4,5,2,4,2,35,2,0,7,1,2,5,NA
1,1,2,3,2,4,4,4,2,5,1,5,7,1,3,1,21,2,1,7,1,1,4,NA
3,2,2,3,2,10,9,4,2,1,2,1,7,1,3,2,55,2,1,7,1,3,5,NA
2,1,2,3,2,10,1,1,1,1,1,1,1,1,4,1,45,1,1,7,1,3,NA,NA
2,2,1,3,2,10,9,3,2,1,1,1,1,2,3,2,27,3,1,5,0,1,4,NA
1,1,1,3,3,1,10,1,8,1,1,1,1,1,3,2,21,2,0,3,1,1,1,NA
1,1,2,3,2,10,3,1,7,5,5,1,5,5,4,2,35,2,0,7,1,5,5,NA
1,2,2,3,2,10,10,10,6,1,1,1,10,1,4,1,55,1,1,7,0,3,10,76001
4,2,2,3,2,1,1,1,2,3,1,1,3,1,4,1,27,2,1,7,1,0,10,NA
2,2,2,3,2,5,4,4,4,5,8,4,10,1,4,1,35,3,1,7,1,3,5,76004
4,1,1,3,2,7,3,2,2,10,5,1,1,1,3,1,35,3,1,7,1,1,5,NA
4,1,2,3,1,6,6,1,8,1,1,2,4,5,3,2,27,2,0,7,1,3,4,76004
1,2,2,3,2,5,5,4,8,1,6,3,5,1,3,1,35,2,1,8,1,5,4,NA
4,1,2,3,3,10,8,10,6,10,1,1,1,1,4,1,55,1,1,7,1,3,5,NA
4,2,2,3,2,10,1,1,6,1,1,1,10,1,4,2,55,1,0,7,1,1,10,76001
1,1,2,3,1,8,2,1,1,2,1,3,5,3,4,1,21,3,1,8,1,3,6,NA
1,1,2,3,3,10,10,10,7,1,1,1,1,1,4,2,55,1,0,8,0,2,10,NA
2,1,2,2,2,5,1,1,8,1,1,1,1,1,4,2,35,2,0,7,1,3,6,NA
2,1,2,3,2,2,9,2,2,1,1,6,8,1,4,1,21,2,1,4,0,2,7,76006
3,1,2,3,2,9,1,1,2,1,9,1,5,1,4,2,27,2,0,8,1,1,1,NA
3,2,2,3,2,8,4,4,1,6,1,1,1,4,4,2,35,2,1,8,1,3,6,NA
4,1,2,3,3,9,1,1,3,1,1,10,10,2,4,2,35,1,1,8,1,2,NA,76021
2,1,2,3,2,5,2,2,4,1,5,1,10,1,3,2,35,2,0,4,1,3,1,76001
2,2,1,1,2,1,NA,1,7,1,1,1,1,1,2,1,55,1,1,7,1,2,5,NA
1,2,2,3,1,3,3,1,4,2,1,5,10,1,4,1,55,2,1,7,1,3,7,NA
4,1,1,3,1,3,7,7,1,2,1,1,5,1,3,1,21,2,0,8,1,3,4,NA
1,1,2,3,2,8,7,6,6,3,1,1,4,1,4,1,35,2,1,8,0,3,3,76006
1,1,2,3,2,4,2,3,4,5,3,1,5,5,3,2,21,2,0,8,1,2,7,NA
3,1,2,3,2,1,10,1,1,1,5,3,10,5,3,1,21,2,0,7,1,3,1,76002
4,2,2,3,2,2,10,1,6,1,1,1,5,1,4,1,55,1,1,2,1,1,10,NA
1,2,3,3,2,6,6,5,7,3,4,1,2,1,3,1,21,2,1,7,1,3,5,NA
2,1,2,3,1,1,10,4,1,4,1,1,1,1,1,1,27,2,0,8,0,0,5,NA
1,1,2,2,1,3,5,3,1,6,1,1,6,7,1,1,27,2,1,8,1,4,3,76002
NA,1,1,1,2,9,10,1,8,1,10,6,5,4,4,1,21,2,1,8,1,3,7,NA
1,1,3,3,2,10,10,1,2,1,1,1,1,1,4,2,27,2,1,8,1,2,10,5
2,1,2,3,2,9,10,1,8,1,1,1,NA,1,4,2,35,2,1,3,0,2,7,76003
4,1,2,2,2,10,1,1,8,1,8,1,9,1,4,2,27,1,NA,7,1,3,10,NA
2,2,2,3,NA,7,8,5,5,8,1,1,2,1,4,1,45,1,1,8,1,1,1,NA
4,1,2,2,1,2,10,1,4,1,1,1,1,1,3,1,27,2,1,7,0,3,1,76002
1,1,2,3,2,5,7,1,5,1,1,1,1,1,4,2,35,2,0,8,1,2,NA,NA
3,1,2,3,3,6,7,7,2,10,1,1,1,2,4,2,21,2,1,8,1,0,8,NA
4,3,2,3,NA,1,NA,10,7,1,5,6,10,5,4,2,45,2,1,8,0,1,NA,NA
2,1,2,3,2,2,6,4,2,1,1,1,9,1,4,2,45,2,1,2,1,2,10,NA
1,1,2,3,2,8,2,1,2,5,1,1,5,1,4,1,35,3,1,7,1,2,5,NA
2,1,2,3,2,5,5,1,8,1,5,1,1,1,3,2,45,2,1,8,0,2,6,NA
1,1,2,3,2,9,1,1,6,1,1,1,5,5,4,1,35,2,1,2,1,3,10,5
1,1,2,3,2,7,1,1,7,2,5,1,7,1,4,2,55,2,1,6,1,2,5,NA
1,1,2,3,2,4,4,4,2,1,1,1,1,1,4,2,21,2,1,7,1,2,2,76002
2,2,2,3,3,4,9,1,2,1,1,1,10,6,1,2,35,2,1,8,1,NA,NA,NA
4,1,1,3,3,9,7,7,8,2,1,5,3,2,4,1,21,2,1,3,1,2,9,NA
1,1,2,3,2,5,8,5,6,1,5,5,5,5,NA,2,27,2,1,8,1,2,1,76001
2,2,2,3,3,4,7,4,4,1,1,1,3,1,3,2,27,2,0,8,1,3,5,76002
4,1,2,3,1,10,10,1,3,1,1,5,10,1,3,2,21,2,0,8,1,2,1,NA
3,2,1,3,1,1,1,1,2,8,1,10,6,1,4,2,27,2,1,8,1,1,5,NA
1,1,1,3,2,1,4,5,7,1,1,1,1,1,4,2,45,2,0,3,1,2,5,NA
3,2,2,3,2,10,3,4,8,1,3,1,3,1,4,2,55,2,0,8,1,0,10,NA
1,1,1,3,2,1,1,1,2,1,1,1,1,10,4,2,55,1,1,2,1,1,10,NA
1,1,1,3,2,9,1,1,2,7,5,1,10,1,4,2,55,2,1,8,1,3,5,NA
NA,1,1,2,2,7,1,1,1,3,2,3,10,1,4,1,55,2,1,8,1,2,NA,NA
1,1,2,3,2,5,5,5,1,1,1,3,10,1,3,2,35,2,1,8,1,1,NA,NA
1,1,2,3,2,1,1,1,7,1,1,1,1,1,4,1,35,1,1,2,1,1,NA,76006
4,1,2,1,2,5,10,5,6,1,1,5,5,5,1,2,35,1,1,8,0,0,5,NA
1,2,2,3,1,10,1,6,4,1,4,1,9,1,4,1,21,2,1,7,1,3,8,76002
1,1,2,3,1,7,1,1,1,2,1,1,10,5,3,1,35,2,0,8,1,3,7,NA
4,2,2,3,2,10,10,10,2,1,1,1,10,1,4,2,35,1,1,7,1,2,10,NA
4,1,2,3,2,10,1,NA,8,1,1,1,5,1,3,2,45,2,0,8,1,1,8,NA
1,1,2,3,2,10,1,1,7,1,3,1,1,1,4,2,45,1,0,8,1,4,4,NA
4,1,2,3,1,8,5,5,8,1,1,1,1,1,2,2,45,1,1,7,0,2,NA,NA
2,2,2,3,2,10,1,1,2,5,1,6,6,1,4,1,35,3,1,4,1,2,3,76001
4,1,2,3,2,9,5,2,7,8,9,2,2,1,3,2,45,2,0,8,1,1,10,NA
1,1,2,3,2,2,3,2,8,1,7,1,7,1,4,1,35,2,1,4,1,3,7,NA
1,1,2,1,1,6,8,4,1,1,1,5,8,6,1,1,21,2,1,8,1,2,6,NA
3,2,2,3,3,9,9,1,8,1,1,1,1,2,4,2,55,2,1,4,1,2,10,76001
1,1,2,3,1,10,1,3,2,8,1,3,8,3,4,1,55,3,1,3,0,2,10,NA
3,2,1,3,2,7,7,5,5,10,6,6,10,1,4,1,21,2,0,7,0,2,7,NA
1,1,1,1,1,10,1,1,3,1,5,5,5,5,1,1,21,2,1,6,1,NA,1,NA
4,1,2,3,2,7,10,10,7,1,1,1,1,1,4,2,35,1,0,8,0,3,5,76019
1,1,1,2,3,10,1,8,5,1,4,5,5,1,4,2,21,2,0,2,1,0,1,NA
3,1,2,2,2,6,8,2,2,1,4,1,6,1,4,2,35,2,0,7,1,2,6,76001
3,1,2,3,2,8,3,2,6,2,2,5,6,2,3,1,45,3,1,5,1,2,6,NA
1,1,2,3,2,10,NA,1,6,10,1,1,8,1,4,2,27,2,1,8,0,2,NA,NA
4,1,2,3,2,1,1,1,6,1,1,1,1,1,4,1,35,1,1,7,0,2,5,NA
3,1,2,3,2,8,5,1,4,8,8,1,5,1,4,2,27,2,1,7,1,3,8,NA
1,2,NA,3,2,3,2,3,3,1,2,1,7,1,3,1,27,2,1,8,0,2,5,76001
3,1,2,3,2,1,1,1,1,10,1,1,10,1,4,2,21,1,0,8,1,3,NA,NA
1,1,1,3,1,9,3,1,6,2,1,5,8,5,3,1,35,3,1,7,1,0,6,NA
1,1,2,2,2,8,6,8,4,7,4,4,8,5,4,1,35,2,1,7,1,1,5,NA
1,2,2,3,1,5,1,3,7,5,1,1,1,5,2,1,21,2,1,4,1,4,3,76002
1,2,2,2,2,10,1,4,2,1,10,1,10,5,4,1,27,3,1,8,0,3,3,76004
1,1,2,3,2,4,8,5,6,1,1,5,5,1,4,1,21,2,1,8,1,3,8,NA
2,2,2,3,2,7,9,7,7,1,1,1,4,1,3,2,35,2,0,7,0,2,1,NA
1,1,2,3,2,1,2,2,8,1,1,1,2,1,4,1,45,2,1,5,1,2,3,NA
1,2,2,3,2,7,7,1,2,2,1,6,8,1,2,2,35,2,1,7,0,3,NA,NA
3,2,1,3,2,4,4,5,2,2,1,5,8,4,4,2,27,2,1,8,1,3,NA,NA
3,2,2,3,2,8,7,4,6,4,1,1,4,2,4,1,21,2,1,5,1,3,6,NA
1,2,2,3,2,10,10,4,8,1,1,1,1,1,4,2,55,2,0,5,1,1,5,NA
1,3,3,1,2,8,1,1,2,5,5,5,5,10,1,1,55,3,1,7,1,4,5,NA
1,2,2,1,2,5,5,1,2,1,5,5,10,5,3,2,27,3,1,8,1,4,3,76002
3,1,2,3,2,7,1,1,4,1,1,5,5,1,4,1,55,2,1,8,1,3,5,NA
1,1,1,1,1,10,7,10,2,2,4,5,7,5,1,1,27,3,1,8,1,3,6,NA
4,2,2,3,2,5,5,1,8,1,1,5,5,5,3,2,27,2,0,8,0,3,1,76002
1,1,1,3,1,10,3,3,6,1,1,1,10,1,1,1,55,2,1,8,1,2,5,NA
NA,1,1,3,1,10,10,1,5,1,10,1,10,1,1,1,45,2,1,5,1,2,1,76002
4,2,2,3,2,10,10,10,6,3,1,1,2,1,2,2,55,1,0,7,1,3,NA,NA
3,2,2,3,3,10,1,1,6,1,1,4,2,1,2,1,55,1,1,2,1,1,3,76002
NA,1,3,2,3,8,8,NA,6,1,1,1,1,1,3,1,55,1,1,8,0,NA,NA,NA
NA,1,2,3,2,4,8,4,1,1,1,2,8,1,4,1,35,1,1,7,1,1,4,76004
1,1,2,3,1,1,2,2,3,7,7,7,7,7,4,1,35,2,1,8,0,2,7,76003
1,1,1,3,2,10,1,10,1,1,1,4,5,1,4,1,45,1,1,8,1,2,10,76019
3,1,1,3,2,10,3,3,2,1,1,1,3,1,4,2,35,2,0,7,1,3,5,NA
NA,2,2,3,2,1,10,3,6,8,1,1,1,2,4,1,55,2,1,7,1,3,1,NA
1,1,2,3,2,5,5,5,2,1,5,1,10,1,4,1,35,3,1,8,1,3,4,5
1,2,2,2,2,5,8,6,6,1,1,1,5,1,3,2,21,2,1,6,1,3,5,NA
1,1,2,3,2,10,1,3,1,5,10,5,10,1,2,1,35,3,1,8,0,3,3,NA
1,1,1,3,2,10,2,2,1,1,9,5,10,4,2,1,35,3,1,8,1,1,8,NA
1,2,2,3,2,1,1,1,2,1,5,1,1,3,3,1,21,2,1,8,1,3,8,NA
1,1,2,3,1,7,6,3,7,1,5,7,10,9,1,1,21,3,1,8,1,4,4,5
1,2,2,3,2,10,3,8,2,1,1,1,3,1,4,1,27,2,1,6,1,2,4,NA
3,2,2,3,2,10,5,5,1,1,1,1,1,1,4,1,55,2,1,8,1,1,5,76019
1,1,1,1,2,7,1,1,4,3,2,8,8,8,4,1,45,3,1,8,1,3,5,76001
1,2,2,2,1,4,6,9,2,1,1,1,8,1,1,1,21,2,0,8,0,2,4,76002
4,2,1,2,2,8,4,4,6,5,1,1,5,1,2,1,55,2,1,6,1,1,5,76004
1,1,2,2,2,7,5,8,6,1,1,1,1,1,1,2,35,3,1,7,1,3,3,76004
1,1,2,3,2,8,9,10,1,1,5,1,5,5,4,1,45,2,0,8,1,4,6,76003
NA,2,2,3,2,10,1,1,8,1,1,1,1,1,4,2,45,1,0,2,0,2,10,NA
NA,2,2,3,NA,10,10,10,8,1,1,1,1,1,4,2,55,1,1,7,0,2,10,NA
4,1,2,3,NA,7,9,2,8,5,2,2,3,2,1,2,55,1,1,8,0,0,10,NA
4,1,2,3,2,10,5,1,1,1,4,5,1,1,4,1,45,1,1,8,1,2,10,NA
4,2,2,1,2,8,1,1,8,1,8,1,8,1,4,2,27,3,1,8,1,1,6,NA
2,1,2,3,1,10,4,1,2,1,1,5,10,5,3,1,45,2,1,8,1,1,5,NA
4,2,2,3,2,4,5,1,7,2,1,1,1,1,4,1,55,2,1,4,1,2,8,76002
1,1,2,3,2,5,1,1,7,1,1,1,3,4,4,1,21,3,0,8,1,2,6,76019
3,1,1,2,2,10,5,8,2,1,1,1,1,1,3,1,21,2,1,7,1,2,5,NA
1,2,2,3,1,5,1,1,1,10,1,5,5,1,4,1,21,3,1,8,1,3,NA,NA
1,1,2,3,2,8,8,3,6,5,5,8,7,2,4,1,21,2,0,8,1,2,5,76002
4,1,2,3,3,7,10,7,8,10,1,1,1,1,4,1,35,2,1,8,0,3,5,NA
1,1,2,3,1,10,5,10,2,5,5,5,10,1,2,1,27,3,1,8,1,4,5,NA
4,2,1,3,2,10,5,2,1,1,1,1,10,1,4,1,55,1,1,7,1,3,4,NA
1,1,2,3,2,8,1,9,1,8,1,4,6,1,4,1,21,2,1,8,1,2,6,NA
1,1,2,3,2,8,8,3,3,10,5,1,10,1,1,1,35,2,1,8,1,2,1,76021
4,2,2,3,2,8,1,1,1,1,1,8,7,1,4,1,35,2,1,8,1,2,5,NA
1,1,1,3,3,10,4,5,8,1,1,1,1,1,3,2,45,1,1,8,1,3,5,NA
2,1,2,3,2,3,3,3,4,1,1,1,1,1,4,1,35,1,1,5,1,3,5,NA
3,1,1,3,2,7,4,8,7,5,1,1,5,1,4,1,27,3,1,7,1,3,5,76002
NA,3,2,3,2,10,4,10,4,1,1,6,10,1,3,2,21,2,1,8,0,3,3,NA
1,1,2,1,3,3,7,3,6,1,7,1,10,1,4,2,35,2,1,8,1,3,5,76004
2,1,2,3,2,10,8,8,2,3,8,1,9,1,4,2,55,3,1,6,1,2,9,76021
1,2,2,3,2,1,1,1,2,1,1,1,5,1,4,1,21,2,1,6,0,0,1,NA
1,2,2,3,2,1,5,1,7,1,4,1,5,1,4,1,35,2,1,7,1,3,5,NA
2,1,2,3,2,9,1,1,7,1,1,1,10,1,3,2,35,2,1,8,1,3,5,76003
1,1,2,2,2,10,1,1,6,1,5,1,5,1,3,1,35,3,1,5,1,3,4,76001
1,1,2,3,2,10,1,1,7,1,1,1,1,1,3,1,55,2,1,5,1,2,8,NA
1,1,1,3,2,8,1,1,2,1,10,10,10,1,1,1,45,2,1,8,1,4,8,76002
4,1,2,3,3,7,7,10,7,1,1,1,1,1,4,1,45,1,0,7,1,2,5,76001
3,2,2,3,2,4,5,1,7,1,1,10,1,1,4,2,35,2,0,8,1,1,10,NA
1,1,2,2,2,5,5,5,6,3,1,1,1,1,4,1,35,1,1,8,1,4,10,76007
4,2,2,3,2,5,1,9,8,1,1,1,5,1,4,2,55,1,0,3,1,2,2,NA
4,1,2,3,2,8,8,4,7,7,1,1,1,1,4,1,45,2,1,5,1,1,3,76019
4,1,2,3,3,4,7,2,7,1,1,1,1,5,4,2,21,1,NA,3,1,2,3,NA
1,1,2,2,2,5,6,3,8,1,10,1,10,1,4,2,35,3,1,8,1,4,5,76003
4,3,2,2,2,7,8,4,6,7,1,1,4,1,4,1,35,1,1,7,1,4,1,76004
4,3,2,3,1,NA,NA,NA,3,1,2,1,1,1,4,1,27,2,1,7,1,NA,6,NA
1,2,2,3,2,4,5,5,6,1,1,5,5,10,4,1,21,3,0,8,1,3,3,NA
1,2,2,3,2,1,5,3,8,1,1,1,10,1,4,1,21,2,0,6,1,0,6,76001
1,1,2,3,2,9,8,9,8,1,3,2,5,1,3,2,55,3,1,8,1,2,10,NA
1,1,2,3,2,4,6,2,5,3,1,7,8,2,3,1,45,2,1,6,1,4,5,NA
2,2,2,2,2,9,2,1,8,10,1,3,2,2,1,1,21,2,0,7,1,5,1,76004
1,3,3,3,2,8,10,3,2,1,1,1,4,1,4,1,45,3,1,7,1,3,8,76019
1,1,1,3,2,10,10,7,8,1,1,1,4,1,3,2,21,3,0,6,1,2,5,76003
1,1,2,3,2,4,7,4,4,6,8,9,10,9,2,1,45,3,1,8,1,3,3,76002
1,2,2,3,1,2,7,2,7,2,1,5,5,1,4,1,27,1,1,4,0,4,5,NA
1,1,2,3,2,10,1,1,4,1,1,1,5,1,4,1,55,2,1,8,1,4,6,76006
1,1,1,3,3,10,10,1,2,1,10,1,1,1,4,1,21,2,1,8,1,2,5,NA
1,1,2,3,1,10,10,1,7,10,5,1,10,1,3,2,21,2,0,8,1,2,5,NA
3,1,2,3,2,8,8,9,6,1,1,1,9,1,3,1,35,2,1,8,1,1,7,NA
1,1,1,3,2,7,1,1,2,1,1,1,1,1,4,1,45,3,1,8,1,4,5,NA
4,2,2,3,NA,10,10,4,1,1,1,1,1,10,2,1,21,1,1,8,0,NA,8,NA
1,1,2,3,2,8,5,9,1,7,1,5,9,1,4,1,55,2,1,8,1,1,5,76021
2,2,2,3,1,10,10,1,7,1,1,1,5,3,3,2,27,2,1,2,1,2,10,NA
1,1,2,3,1,7,8,2,1,5,1,7,10,2,3,2,35,2,0,8,0,3,3,NA
2,1,2,3,2,8,4,5,7,5,1,1,1,1,4,2,45,3,1,7,1,2,NA,NA
1,1,3,3,2,7,4,4,2,1,1,1,5,1,4,1,45,3,1,7,1,3,5,76001
1,2,1,1,2,10,8,1,7,1,7,2,8,1,3,2,21,2,1,7,1,3,3,NA
3,2,1,2,2,1,8,1,1,7,8,1,9,1,3,2,21,2,0,2,1,3,5,NA
3,1,2,3,2,5,5,1,7,2,1,1,1,1,NA,2,45,2,1,4,1,0,8,NA
4,1,2,3,2,1,1,1,4,1,1,1,10,1,4,2,35,2,1,3,1,2,1,NA
4,1,2,3,1,1,10,10,2,1,1,1,1,1,4,2,35,1,0,7,1,3,1,NA
3,2,2,3,3,5,5,5,6,1,1,1,1,1,4,2,55,1,1,4,0,1,5,NA
2,2,2,3,2,1,1,1,3,10,1,1,5,2,4,1,45,2,1,2,1,1,8,76001
1,1,2,3,2,9,4,4,8,2,3,4,3,5,4,1,21,2,1,6,0,1,7,76001
3,1,2,3,2,8,2,2,1,1,2,1,10,1,4,2,55,2,1,8,1,2,5,NA
1,1,1,3,2,NA,7,5,6,1,1,1,1,1,4,2,45,1,0,8,1,NA,NA,NA
4,1,2,3,NA,4,10,10,2,10,7,1,1,1,3,2,21,2,0,7,1,3,2,NA
2,2,2,3,2,8,NA,1,2,1,1,1,10,1,4,2,45,1,0,8,1,1,NA,NA
1,1,2,3,2,5,4,2,7,3,10,3,8,1,4,1,35,3,1,8,1,4,3,76001
2,2,2,3,2,5,5,2,2,1,1,5,5,1,4,2,21,2,0,8,1,2,4,NA
2,1,2,3,2,2,6,3,2,4,3,1,4,1,3,2,21,3,0,6,1,3,5,76002
3,1,2,3,3,2,3,7,7,1,1,1,1,1,4,1,35,2,1,3,1,2,7,76001
4,2,3,3,2,1,1,1,1,10,1,1,10,1,2,2,55,1,0,5,1,1,10,76001
3,2,2,3,2,8,6,2,4,3,1,1,3,2,3,1,27,2,1,8,1,3,5,5
1,1,2,3,2,10,5,1,2,1,10,1,10,1,4,1,35,2,1,8,1,3,5,NA
1,1,2,3,2,6,5,3,8,1,1,5,5,1,3,1,21,2,1,8,1,2,7,NA
3,3,2,3,1,5,8,9,7,1,1,1,1,2,3,1,27,3,1,8,1,3,5,NA
1,1,2,3,2,5,3,3,3,1,5,5,10,10,4,1,45,3,1,8,0,3,3,76003
1,1,2,3,1,1,1,10,2,10,1,1,1,1,1,1,35,3,1,8,0,NA,1,76021
4,2,2,3,2,9,5,5,8,1,1,1,6,1,3,1,55,1,1,8,1,1,NA,NA
3,2,2,3,2,1,10,9,2,7,1,1,1,1,1,1,21,1,0,5,1,4,4,76002
4,2,2,3,2,10,10,1,8,1,1,1,10,1,4,2,55,1,1,5,1,2,3,76019
3,2,2,3,3,10,5,5,8,3,5,3,3,4,4,2,45,1,1,8,1,1,10,76001
1,1,1,3,2,10,5,1,7,1,5,1,10,1,4,2,55,2,1,8,0,1,5,NA
2,2,2,3,2,7,1,1,4,1,1,1,1,1,4,1,55,2,1,8,1,2,6,NA
2,2,2,3,2,8,8,2,8,4,2,1,3,4,4,2,21,2,1,4,0,3,3,76002
1,2,2,3,2,8,1,1,5,6,5,6,8,4,3,2,35,3,1,8,1,4,5,NA
4,2,2,3,2,10,9,1,7,2,1,1,3,1,4,2,21,2,0,7,1,3,4,NA
1,1,2,3,2,5,1,1,7,1,5,1,1,1,4,1,55,1,1,8,1,1,10,76019
4,1,3,3,2,9,2,1,4,10,1,1,8,1,1,2,45,2,0,8,1,0,8,NA
4,1,2,3,2,10,4,1,1,1,5,1,5,1,4,1,21,2,1,5,1,2,5,NA
2,1,2,3,2,7,6,4,2,5,5,5,5,5,2,2,21,3,1,8,1,1,3,NA
1,2,2,2,1,1,6,6,2,6,1,3,6,6,1,1,35,2,1,8,1,2,3,76002
1,1,2,1,1,1,5,5,1,10,10,10,10,1,1,2,35,2,1,8,0,4,3,NA
1,2,3,3,2,8,1,1,1,1,1,1,6,1,4,1,55,2,1,8,1,1,8,NA
4,1,1,3,2,5,7,5,6,2,10,10,10,5,3,1,35,2,0,8,0,2,7,NA
2,1,1,3,2,5,5,5,6,1,1,1,1,1,4,1,45,2,1,8,0,2,5,76001
2,1,2,3,2,8,5,4,2,7,1,5,10,1,4,1,27,2,0,8,0,2,1,NA
1,1,2,3,2,5,1,1,6,1,1,1,1,1,4,2,45,3,1,2,0,0,10,76006
2,2,2,2,2,10,1,1,2,10,1,3,5,10,1,1,21,2,1,5,1,3,5,NA
3,3,2,3,2,7,5,7,8,1,1,1,1,1,4,2,21,1,1,8,1,3,8,NA
NA,2,1,3,2,7,8,4,7,1,1,1,1,1,4,2,55,1,0,8,1,1,NA,NA
3,2,2,2,2,5,8,5,2,5,2,1,5,5,1,2,21,3,0,8,1,3,1,NA
1,1,2,3,1,10,10,10,1,5,5,7,8,1,4,1,27,2,1,8,0,1,7,NA
2,1,2,3,2,1,1,5,7,5,1,3,9,1,4,1,35,1,1,8,1,3,5,NA
1,1,2,3,2,10,3,3,1,5,5,1,10,1,4,1,21,3,0,8,1,3,5,76003
2,1,2,3,1,1,1,2,2,1,1,1,1,5,4,1,35,2,1,4,1,2,1,76006
2,1,1,NA,2,5,5,1,8,1,1,1,1,1,4,2,45,2,0,8,1,0,5,NA
2,2,2,3,2,1,7,4,6,5,1,1,1,1,3,2,35,2,0,2,1,2,2,NA
1,2,2,3,1,7,5,4,6,1,3,3,7,2,3,1,27,3,1,8,1,5,6,76002
3,1,2,3,2,4,1,1,7,2,1,1,6,1,4,1,55,2,1,8,1,1,5,NA
1,2,2,1,2,7,7,4,6,2,10,7,10,1,3,2,27,3,0,7,1,2,4,76003
NA,1,2,2,2,10,1,4,1,1,4,1,10,1,4,2,45,1,0,7,1,2,10,76003
4,1,2,2,1,7,8,4,2,3,5,1,5,5,4,2,27,3,0,7,0,3,NA,NA
4,1,2,2,2,6,7,1,8,1,1,1,1,1,4,2,21,2,0,8,1,2,NA,NA
2,1,1,3,2,6,10,1,1,5,1,5,5,10,4,1,45,3,1,7,1,3,1,76002
3,1,3,3,2,10,1,1,7,NA,1,1,NA,1,4,1,45,3,1,8,0,2,5,NA
3,1,1,2,2,6,5,4,5,5,2,5,5,5,3,1,21,2,1,8,0,2,5,NA
3,1,1,3,2,5,6,5,7,1,5,1,10,1,4,2,45,2,1,7,1,2,5,76001
1,2,2,3,2,4,10,4,3,2,1,1,1,5,4,2,55,1,1,7,1,3,9,NA
4,1,2,3,2,10,1,1,7,1,5,1,10,NA,4,2,45,2,0,8,0,3,NA,NA
4,1,1,3,2,5,5,5,1,5,1,5,10,1,4,1,27,3,1,5,1,2,4,NA
4,2,2,3,2,8,6,8,6,3,1,3,1,1,3,1,45,2,0,7,1,2,5,76004
1,1,1,3,2,10,1,1,7,1,1,1,1,1,4,2,35,1,0,5,1,2,NA,NA
1,1,2,3,2,3,9,8,4,5,1,5,5,2,4,2,21,2,0,5,1,1,3,NA
2,1,2,3,2,6,NA,3,8,1,1,1,1,1,1,2,55,1,0,5,1,3,NA,NA
4,1,1,3,2,7,8,5,7,1,1,1,6,1,4,2,45,2,1,5,1,2,4,76001
4,1,2,3,3,9,8,6,7,9,1,1,1,1,4,2,35,1,1,6,1,1,3,NA
3,2,2,3,3,7,8,1,8,1,1,1,7,1,4,1,35,2,1,6,1,3,6,NA
2,1,2,3,3,4,3,8,3,2,1,1,3,1,4,1,45,2,1,5,1,3,5,NA
1,2,1,3,2,8,1,1,2,7,1,1,1,1,4,1,35,2,1,5,1,2,6,76006
2,1,2,3,2,7,5,4,7,5,1,1,5,1,3,1,35,3,1,7,1,1,5,76021
1,1,2,1,1,6,1,1,3,1,6,6,10,6,4,2,21,2,1,7,0,2,5,76002
2,1,2,3,2,1,4,5,6,6,1,5,5,4,4,1,45,3,1,6,1,NA,5,NA
1,3,2,2,2,10,7,10,1,1,1,1,1,1,4,2,35,2,0,7,1,2,NA,NA
1,1,2,3,2,NA,NA,6,2,1,1,1,5,1,4,1,35,1,1,3,1,1,5,NA
2,2,2,3,2,1,1,1,6,1,10,1,10,1,4,2,27,1,0,5,1,1,5,NA
4,1,2,3,2,10,9,4,6,5,1,1,1,1,3,2,45,1,0,6,1,3,3,NA
4,1,1,3,2,2,8,8,7,1,1,1,1,1,4,2,35,1,1,5,1,3,1,NA
1,1,2,3,1,1,1,4,5,2,2,4,8,1,2,2,27,2,0,6,1,3,3,76001
4,1,2,3,2,7,9,7,3,10,1,1,3,1,4,2,35,2,1,6,1,1,5,76002
4,1,1,3,2,8,8,8,2,2,1,1,3,1,4,1,21,2,1,7,1,2,2,NA
1,2,2,3,3,1,10,10,1,1,10,1,1,1,4,2,21,1,0,7,1,2,10,NA
1,1,2,3,2,8,5,1,4,1,1,1,5,1,3,2,27,3,1,7,1,0,5,NA
4,1,3,3,2,9,8,5,5,1,1,1,1,1,4,1,21,2,1,6,1,4,NA,76002
2,2,2,3,2,8,3,1,6,2,1,1,2,2,4,1,27,2,1,6,1,3,5,NA
2,1,2,3,2,4,3,2,2,1,1,1,1,1,3,2,27,3,1,6,1,0,5,76002
4,2,2,3,2,3,5,3,6,1,2,1,1,1,4,1,21,1,1,5,0,3,NA,NA
4,1,1,1,2,10,1,1,8,10,1,1,1,1,4,1,21,2,1,5,1,2,5,NA
NA,1,2,3,2,3,4,3,8,8,1,1,3,8,4,1,35,2,1,6,1,2,8,76002
3,1,2,3,2,NA,10,6,5,1,1,5,1,1,4,2,21,2,1,3,1,2,10,NA
2,2,2,3,2,5,10,9,2,1,1,1,1,1,4,2,21,2,1,6,1,3,5,NA
1,1,1,3,2,10,1,1,2,1,1,1,10,10,1,1,27,2,0,6,1,4,1,5
4,2,NA,3,1,1,10,10,8,8,1,1,10,1,4,2,21,1,0,7,1,NA,7,NA
1,1,1,3,2,6,1,1,4,1,6,6,1,1,1,2,21,1,0,7,1,1,NA,NA
4,2,2,3,3,1,9,1,7,1,10,1,1,1,4,2,55,1,1,5,1,1,10,76001
4,2,2,3,1,1,10,10,6,1,1,1,NA,NA,4,2,27,1,1,5,1,2,10,NA
1,2,2,3,2,1,10,1,8,1,1,1,1,1,4,1,35,1,0,5,1,2,10,76001
4,1,2,3,2,4,9,9,2,9,1,1,6,1,3,1,21,1,1,7,1,2,1,NA
4,2,2,3,2,1,1,1,6,10,1,1,10,10,4,1,55,1,1,5,1,2,10,NA
4,2,2,3,3,10,10,10,3,10,1,1,10,1,4,1,27,1,1,7,1,0,10,NA
4,1,2,3,2,7,8,1,2,2,1,1,7,1,4,1,21,2,1,5,1,2,7,NA
3,1,2,3,1,3,8,1,2,1,5,5,10,1,1,1,55,3,1,6,0,3,5,NA
1,1,2,2,2,1,1,10,7,1,1,3,10,1,4,1,35,2,1,7,1,3,5,NA
4,1,2,3,2,10,1,1,7,1,1,1,3,1,4,1,21,2,1,7,0,2,1,76002
1,1,2,3,2,1,1,1,7,1,10,1,10,1,4,1,35,2,1,7,0,3,5,76002
3,2,1,2,2,1,1,1,7,3,1,1,1,1,3,2,27,2,1,6,1,2,5,NA
1,1,2,3,3,2,1,1,7,1,1,5,5,1,4,1,55,2,1,3,1,5,NA,NA
2,1,2,3,2,8,1,4,2,2,1,3,3,3,2,1,27,2,1,7,1,4,3,76002
4,2,2,3,1,8,10,8,8,5,1,1,1,1,3,2,21,2,0,7,1,1,6,NA
4,1,2,3,3,4,4,4,6,1,1,1,1,1,4,1,45,1,1,4,1,1,1,NA
4,2,2,3,2,1,10,10,8,1,1,1,1,1,4,1,27,1,1,4,1,3,10,76001
1,2,2,3,2,1,10,1,3,1,NA,1,10,1,4,2,55,1,0,7,1,1,10,NA
1,1,1,3,2,8,3,1,2,5,5,5,6,5,2,1,35,2,1,7,1,1,5,NA
4,2,2,3,2,4,8,7,6,1,1,1,3,1,4,1,45,1,1,6,1,3,7,NA
4,2,2,3,1,6,5,6,7,1,1,1,5,1,4,2,45,1,1,6,1,1,5,76002
1,1,2,3,2,9,2,2,7,1,3,5,6,1,4,2,45,2,1,3,1,3,8,76002
4,2,2,3,2,5,5,3,7,1,1,1,1,1,4,2,55,2,0,6,1,2,1,NA
3,2,2,3,2,7,2,2,4,1,1,5,6,3,3,2,45,2,0,6,1,2,5,NA
4,2,2,3,2,5,10,3,2,4,8,1,10,1,4,2,21,2,0,7,1,3,8,76001
1,2,2,3,3,8,4,8,2,1,1,6,6,5,2,1,21,2,1,7,1,3,10,NA
4,2,2,1,2,3,8,8,6,1,1,1,1,1,4,1,21,2,1,3,1,2,6,NA
4,1,2,2,1,10,5,5,7,1,1,3,3,1,4,1,21,2,1,6,1,2,9,NA
4,2,2,3,2,7,8,2,1,3,1,1,3,1,3,2,35,2,1,4,0,3,5,NA
1,1,2,3,2,10,10,1,7,1,1,5,5,1,2,2,45,2,0,5,1,1,10,76002
4,2,1,3,3,8,7,2,8,1,10,1,10,1,4,2,35,2,1,4,1,3,1,NA
1,1,2,3,2,3,2,3,2,1,3,1,6,1,3,2,27,1,0,4,1,0,7,76002
2,1,2,3,3,6,6,5,2,1,1,4,1,1,4,1,21,2,1,4,1,2,4,NA
1,1,2,3,1,5,10,8,6,1,3,1,3,1,4,1,21,1,1,4,1,2,4,NA
1,3,2,3,2,8,8,8,5,5,5,5,5,1,3,1,27,2,1,6,1,3,3,76001
3,1,2,3,1,5,5,1,7,1,8,3,10,3,4,2,55,1,1,6,1,3,1,NA
NA,2,2,3,2,1,NA,NA,8,1,1,1,1,1,4,2,35,1,0,5,1,NA,NA,NA
4,1,2,3,2,6,5,6,4,1,1,1,5,1,4,1,21,2,1,7,1,3,10,76001
3,1,1,3,2,6,4,5,2,1,1,1,5,1,4,1,55,1,1,6,1,2,NA,NA
4,1,1,3,2,1,10,1,2,1,1,1,1,1,4,1,35,1,1,5,1,2,5,76001
2,1,2,3,2,8,4,1,2,3,3,3,6,3,4,1,21,2,0,5,1,2,5,NA
2,1,2,3,2,5,5,5,4,1,1,10,1,1,3,2,27,2,1,5,1,1,NA,NA
1,1,2,2,2,8,1,1,3,1,1,4,8,1,3,1,35,1,1,5,1,0,2,76002
3,1,2,3,2,1,10,1,2,1,4,10,10,1,4,2,21,1,0,5,1,1,10,76002
4,1,2,3,2,10,10,10,6,5,5,1,5,1,3,2,45,1,0,6,1,2,10,NA
3,3,2,3,2,4,1,5,7,1,1,1,1,1,4,2,55,1,0,6,1,0,5,NA
3,2,2,3,2,4,8,4,7,4,3,2,1,1,4,2,27,1,0,4,1,2,3,NA
3,2,2,3,1,5,1,1,4,5,5,1,5,5,4,1,35,3,1,4,1,4,NA,NA
1,1,2,1,2,7,3,1,6,1,1,3,10,1,2,2,35,2,1,4,1,1,5,NA
3,3,2,3,2,7,8,7,6,1,4,1,4,1,4,1,35,1,1,6,1,1,1,NA
4,2,3,3,2,10,10,1,8,1,5,1,1,1,4,2,45,2,1,4,1,2,10,76001
4,2,1,3,2,3,3,6,2,5,5,1,5,5,3,2,21,2,1,4,1,3,5,NA
3,1,2,2,2,8,5,3,6,1,3,1,5,1,3,2,27,2,0,4,1,3,NA,NA
3,1,2,3,2,1,5,1,1,1,1,4,6,2,3,1,21,2,1,6,1,1,6,NA
2,1,2,3,2,4,6,4,1,1,5,5,5,1,3,2,21,2,1,4,1,2,NA,NA
2,1,2,3,2,2,5,5,7,1,1,1,10,1,4,1,35,1,0,4,1,2,NA,NA
1,1,1,3,2,4,4,5,4,1,5,5,10,3,3,1,45,2,1,4,1,4,3,76003
3,1,2,3,3,5,7,1,7,1,1,1,5,1,4,1,55,1,1,4,1,2,7,76001
3,2,2,3,2,3,3,7,7,1,1,1,1,1,4,2,35,1,0,4,1,3,NA,NA
1,1,2,3,2,4,9,4,6,1,10,1,5,1,4,1,21,2,1,7,1,3,4,76002
1,1,2,3,2,4,4,5,6,1,5,5,10,2,3,2,35,2,1,7,1,3,4,76003
NA,1,2,3,2,4,NA,4,7,1,3,1,3,2,3,2,35,2,1,6,1,NA,NA,NA
4,2,2,3,2,10,NA,3,8,3,5,1,10,1,NA,2,45,1,1,6,1,4,5,NA
1,1,2,3,2,10,1,1,2,1,1,3,10,5,4,1,55,1,1,5,1,2,5,NA
1,2,2,3,2,5,7,3,1,1,1,1,6,1,4,1,21,2,1,7,1,3,6,NA
4,1,2,3,2,1,10,8,1,1,1,1,7,1,4,2,35,1,0,5,1,2,1,NA
1,1,1,3,2,10,1,1,2,1,1,1,6,1,4,2,55,2,1,7,1,2,8,76001
4,2,2,3,2,9,7,3,2,1,2,1,3,4,4,2,35,1,0,5,1,2,1,NA
1,1,2,1,2,8,5,1,2,1,5,1,5,5,3,2,35,2,0,5,1,4,3,76002
2,1,2,1,2,5,5,2,1,10,5,10,10,5,1,2,35,3,0,7,1,3,2,NA
1,1,1,3,1,6,3,1,3,1,3,1,5,1,3,2,21,2,NA,8,1,1,5,NA
1,1,1,3,2,1,10,8,2,1,1,5,5,5,4,2,21,2,0,4,1,2,10,NA
1,1,2,3,2,8,3,2,2,1,5,1,5,1,4,2,27,2,0,5,1,1,7,NA
4,3,2,3,3,2,10,1,7,1,1,1,10,1,4,2,21,2,0,7,1,2,2,76001
1,1,2,3,2,6,2,3,7,5,1,4,10,4,1,1,21,2,1,8,0,2,4,76002
1,1,1,3,NA,8,1,1,7,10,1,1,1,1,4,1,45,3,1,7,0,3,4,NA
1,2,2,1,2,9,9,2,7,1,5,1,10,1,1,1,21,3,1,8,1,5,3,NA
2,2,2,3,2,5,8,3,6,9,5,2,9,2,4,1,27,2,1,8,1,3,3,NA
4,1,2,3,1,5,7,5,2,1,1,1,8,1,3,2,27,2,0,7,0,2,4,NA
2,1,2,3,1,7,1,1,7,10,1,1,6,1,4,2,21,2,0,8,1,1,1,76002
3,2,2,3,2,5,3,5,6,1,1,5,5,1,4,1,21,2,1,8,0,NA,NA,NA
1,2,1,3,2,7,1,1,2,1,5,5,5,1,3,2,35,2,1,8,1,5,1,76002
1,1,2,3,1,9,1,1,1,4,6,1,9,8,3,1,27,2,0,8,1,3,5,NA
4,2,2,3,2,7,2,2,5,1,1,5,5,1,4,2,27,2,0,8,0,1,NA,NA
NA,2,2,2,2,2,7,1,3,NA,4,5,4,NA,2,1,21,2,1,7,1,1,2,NA
1,1,2,3,2,1,5,1,7,1,1,1,4,1,4,2,45,2,0,8,1,4,1,NA
3,1,2,3,2,10,1,1,8,5,1,1,5,1,3,2,55,1,0,8,1,3,10,NA
1,1,3,2,1,1,1,1,6,10,1,5,1,1,1,1,27,2,1,5,1,3,1,NA
NA,1,2,1,2,5,NA,5,7,2,5,1,1,1,4,1,27,2,1,8,1,3,NA,NA
1,1,1,3,2,4,3,9,2,1,1,1,5,1,4,1,21,2,1,2,1,1,NA,NA
4,1,2,2,2,4,6,1,4,6,1,3,6,7,4,1,45,2,0,7,0,3,6,76003
1,2,2,2,2,6,4,4,2,7,3,2,2,1,4,1,27,2,1,7,0,3,6,NA
4,2,2,3,2,6,2,2,2,2,1,7,7,1,3,1,35,2,1,5,1,2,7,NA
3,1,1,3,2,1,1,1,6,1,1,1,6,1,4,1,35,2,1,7,0,4,NA,NA
4,2,2,3,2,8,10,8,2,1,1,1,1,1,4,1,45,1,1,7,1,2,5,NA
3,1,2,2,2,1,NA,7,2,7,1,NA,NA,1,2,2,27,3,1,7,1,2,NA,NA
4,2,2,3,3,5,5,3,7,5,1,1,1,1,3,1,21,2,0,7,0,1,8,76001
3,2,2,3,2,7,NA,NA,8,1,1,1,1,1,4,2,55,1,0,8,1,2,NA,NA
1,1,3,1,1,10,1,4,1,1,10,10,10,1,4,2,35,3,0,7,1,3,5,NA
4,1,2,3,2,9,9,1,7,1,1,1,3,1,4,2,21,2,0,4,1,2,3,NA
1,2,2,3,2,10,10,1,4,1,NA,NA,8,1,4,2,55,2,1,6,1,2,NA,NA
4,1,2,3,2,1,10,1,2,1,1,2,10,1,3,2,35,2,0,8,0,2,5,NA
1,2,1,1,2,8,4,5,8,1,1,1,1,1,4,1,21,2,0,7,1,3,8,NA
1,1,2,3,2,1,1,1,8,1,1,5,7,3,4,1,45,3,1,8,1,3,7,NA
4,1,2,2,2,NA,8,4,5,1,1,1,10,1,4,2,21,2,1,6,1,3,1,NA
4,2,3,3,2,10,5,1,7,1,1,1,1,1,4,2,35,2,0,2,1,1,10,76006
4,1,1,3,2,10,10,10,7,1,1,1,1,1,4,1,21,2,0,6,1,0,10,NA
2,2,2,3,2,4,4,2,2,1,5,10,10,5,3,1,27,3,1,7,1,2,9,76019
1,3,2,2,2,8,4,4,7,5,1,3,1,1,3,1,21,2,0,8,1,4,7,NA
4,1,2,3,2,5,5,1,7,1,1,1,1,1,4,2,55,2,0,8,0,2,NA,NA
4,2,2,3,2,4,1,7,1,10,1,1,1,1,4,1,35,2,1,8,1,2,5,NA
NA,1,1,3,2,5,NA,NA,6,1,1,1,5,1,4,2,55,1,1,4,1,1,5,NA
1,1,1,2,2,4,5,1,2,8,5,5,8,8,2,2,27,3,1,8,1,3,3,76002
4,1,2,3,2,7,10,8,1,3,1,1,4,10,3,2,27,2,0,7,1,4,4,NA
1,3,1,3,2,8,2,2,2,1,1,1,1,1,3,2,45,3,1,8,1,0,6,NA
1,1,1,1,1,1,7,6,1,1,9,8,10,10,2,2,35,3,1,8,1,5,2,76002
1,1,2,3,2,3,8,1,7,1,1,1,1,5,3,2,35,2,1,8,0,2,10,NA
3,2,2,3,2,8,3,3,1,6,1,1,6,5,1,2,35,3,0,5,1,1,7,NA
1,2,2,1,1,5,5,7,4,4,10,10,10,10,1,1,35,3,NA,7,1,4,4,76002
4,2,2,3,2,8,1,1,2,1,1,1,1,1,4,2,27,2,0,6,1,1,7,NA
2,1,2,3,2,10,8,3,2,1,1,1,7,1,3,1,35,2,1,6,0,3,3,76004
2,2,2,3,2,8,5,3,2,1,1,4,5,3,2,1,27,2,1,8,0,3,5,NA
4,1,2,3,2,10,10,10,8,10,1,1,1,1,4,1,55,2,0,8,1,2,10,NA
4,2,2,3,2,6,5,4,2,4,1,6,4,1,4,2,35,2,1,8,1,3,NA,NA
1,1,2,3,2,5,5,5,4,1,1,1,1,1,3,1,35,2,1,8,1,2,7,76021
1,1,2,2,1,4,7,6,2,5,8,8,9,4,3,1,27,3,1,8,1,3,3,76002
1,2,2,2,1,1,1,2,1,1,4,1,7,5,3,2,27,3,1,8,1,3,7,NA
2,1,2,3,2,2,9,9,6,1,1,1,7,1,3,1,21,2,1,2,1,0,NA,76006
1,2,2,3,2,5,3,1,5,7,1,3,9,1,3,2,27,3,1,5,1,2,6,76019
1,1,3,3,1,8,2,1,5,1,10,5,8,1,3,2,27,3,0,8,0,2,5,NA
1,2,2,2,1,10,1,1,6,1,1,5,10,6,2,1,35,3,1,8,1,3,5,NA
4,1,1,2,2,6,5,5,2,1,10,5,10,1,4,2,21,2,1,5,1,2,5,NA
1,1,2,3,1,4,3,1,1,1,1,1,1,2,4,2,21,2,0,8,1,2,1,76004
1,1,2,3,3,10,1,1,6,1,1,1,5,1,4,1,27,2,1,5,1,2,5,NA
1,2,2,3,2,6,4,3,8,1,1,1,1,1,1,2,45,1,0,7,1,2,10,NA
4,2,2,3,2,7,1,10,1,10,10,1,10,1,4,1,35,2,1,8,1,1,1,NA
3,1,2,3,2,8,8,1,7,1,1,1,5,1,4,2,55,1,1,7,0,0,8,76019
1,2,2,2,2,1,1,1,1,1,1,1,9,5,2,1,27,2,1,8,1,2,4,NA
1,2,2,3,1,5,4,5,1,1,1,1,5,1,4,1,45,1,1,5,0,3,5,NA
1,3,2,3,1,10,10,10,2,1,5,5,10,1,4,1,35,2,1,5,1,3,5,NA
4,2,2,3,2,6,7,6,6,8,1,2,1,1,3,2,35,1,0,5,1,4,5,76001
4,2,2,3,1,5,4,4,3,2,2,1,1,5,4,2,35,2,1,5,1,3,10,76002
3,1,2,3,2,10,8,1,7,8,2,1,10,1,2,1,35,2,1,8,0,3,5,NA
4,2,2,3,2,1,1,1,7,1,1,1,1,1,4,2,55,1,1,3,0,1,NA,NA
2,1,2,3,2,10,1,1,2,1,1,1,1,1,4,1,55,2,1,8,0,1,10,76006
1,2,2,3,2,10,10,5,6,1,1,1,1,1,4,1,21,2,1,5,0,0,10,NA
1,1,1,2,1,10,1,1,3,1,1,1,10,5,1,1,35,2,1,3,0,2,NA,NA
1,2,2,3,2,10,3,5,6,1,1,5,10,5,1,1,27,2,1,6,1,0,1,NA
1,1,2,2,2,1,NA,8,6,4,1,1,8,1,4,2,45,2,0,5,1,3,8,76001
3,2,2,3,2,5,3,5,6,5,1,4,5,1,3,2,21,2,1,5,1,3,5,76002
1,1,2,2,1,5,5,4,7,1,1,5,10,2,1,2,21,3,1,6,1,4,2,76002
2,1,2,3,2,6,8,4,7,5,1,1,1,3,3,2,35,2,0,8,1,1,7,NA
3,2,2,3,2,5,1,9,6,1,5,2,8,1,3,2,35,2,0,2,1,2,1,NA
4,2,2,3,2,9,10,9,3,7,9,1,9,1,2,2,21,2,1,5,0,4,4,NA
4,2,2,3,2,10,10,1,5,10,1,1,3,3,4,1,35,2,0,7,0,0,8,76001
3,1,2,3,2,6,7,5,7,10,1,1,5,8,3,1,55,2,1,8,1,3,1,NA
3,1,1,3,1,5,5,3,5,5,1,1,5,5,4,1,55,1,1,3,0,1,5,NA
1,1,2,2,1,2,9,4,8,1,1,2,3,1,3,1,35,3,1,4,1,5,5,NA
1,2,2,3,3,3,10,4,6,10,3,1,2,3,4,1,55,1,1,5,1,2,6,NA
3,2,2,2,2,8,8,5,3,6,1,1,1,1,2,2,27,2,0,3,1,0,NA,NA
NA,2,2,3,2,2,9,5,8,3,1,1,1,1,4,2,35,2,1,6,1,1,1,NA
3,1,1,3,2,8,8,2,3,1,4,1,5,1,2,2,45,2,0,5,1,1,8,NA
4,1,2,2,1,1,8,3,7,5,1,1,4,2,4,2,21,3,0,6,0,2,5,NA
4,2,2,3,2,5,5,10,7,3,1,1,1,1,3,2,55,2,0,4,1,2,10,NA
1,1,2,3,2,6,5,4,2,5,1,1,1,1,1,1,21,2,1,7,0,1,4,76001
3,2,2,3,3,7,8,2,7,8,1,2,2,1,4,1,55,1,1,2,1,0,8,NA
3,1,2,3,2,1,10,4,4,4,1,1,2,1,4,2,55,1,1,8,0,2,10,NA
3,2,2,3,2,7,3,4,6,1,1,3,5,1,4,1,45,2,1,6,1,3,5,NA
3,2,2,3,1,6,10,3,3,6,1,1,2,1,1,1,35,1,1,5,1,3,NA,NA
2,2,2,3,3,1,7,7,4,6,2,3,3,1,4,1,55,1,1,5,1,NA,8,NA
1,1,1,1,2,1,10,3,7,1,1,1,1,9,4,1,21,2,0,8,0,3,9,NA
3,1,2,3,2,2,8,1,8,1,1,1,4,1,2,2,45,2,0,5,1,1,NA,NA
3,1,2,3,2,3,7,3,7,1,1,1,1,1,4,1,21,2,1,5,0,1,5,NA
1,2,2,2,2,10,10,5,4,1,4,1,5,1,2,2,45,2,1,7,0,1,9,NA
1,1,2,2,2,7,6,3,7,10,1,1,1,1,3,2,27,2,NA,4,0,3,NA,NA
1,1,1,3,1,7,1,1,5,1,1,1,5,1,4,1,21,2,0,2,1,1,1,76002
4,1,2,2,2,8,8,1,7,1,1,1,3,10,4,1,21,2,0,5,1,3,6,5
3,2,2,3,2,8,2,3,6,6,1,2,2,2,4,2,55,1,0,5,1,1,5,NA
1,1,2,2,2,5,3,4,8,1,9,1,8,1,4,1,35,3,1,2,1,4,4,76002
4,2,2,3,2,1,6,NA,7,1,1,3,5,1,4,2,55,1,0,2,1,NA,6,76001
4,2,2,3,1,8,8,5,2,1,1,3,5,2,3,2,21,2,1,5,1,3,2,76001
1,1,2,3,2,10,10,1,8,1,1,1,10,1,4,2,45,1,0,2,1,NA,10,NA
3,1,1,3,2,1,1,1,8,1,1,1,10,1,4,2,21,2,1,5,1,1,10,NA
1,2,2,3,2,1,1,7,6,1,1,1,1,1,4,1,55,1,1,7,1,2,5,76001
3,1,2,3,1,1,10,1,6,7,3,1,1,1,4,2,21,2,1,7,1,3,10,76001
1,2,2,3,2,1,10,10,8,1,1,1,1,1,4,2,21,2,0,4,0,2,10,NA
NA,2,2,3,2,1,1,NA,7,10,1,NA,NA,1,4,1,55,1,1,4,1,1,10,NA
4,2,2,3,2,5,8,5,2,1,1,1,1,1,4,1,27,2,1,5,1,4,1,NA
4,2,2,3,2,9,2,9,2,2,3,2,1,4,4,2,55,1,1,7,1,2,8,NA
4,1,2,3,2,8,4,7,7,2,1,1,1,1,4,1,35,1,1,7,1,2,10,NA
1,1,2,3,2,1,10,9,6,1,1,1,5,1,4,2,27,2,0,2,1,2,NA,NA
1,1,2,3,1,1,1,6,2,1,1,1,4,1,4,1,21,2,1,2,1,1,3,76001
NA,1,2,3,2,1,1,1,2,1,1,10,10,1,4,1,55,1,1,2,1,1,5,NA
1,1,1,2,2,4,4,3,2,1,5,5,5,5,4,1,35,2,1,8,0,3,3,76004
1,2,2,2,2,6,5,6,6,1,1,1,1,1,4,1,21,2,1,7,1,3,4,NA
1,2,2,2,1,1,1,1,2,3,1,4,1,1,4,1,35,2,1,6,1,3,6,NA
1,1,2,3,2,3,6,4,6,2,2,2,2,2,4,1,21,2,1,5,1,3,3,76001
4,3,2,3,2,1,2,1,4,4,1,1,7,5,4,1,35,2,1,8,1,1,5,NA
4,2,2,3,3,7,3,4,2,1,1,1,1,1,4,2,21,2,1,6,1,2,5,76001
3,2,2,3,2,10,10,10,7,10,1,1,1,1,4,2,35,2,0,8,1,3,5,NA
1,1,2,3,2,10,1,1,1,1,5,5,10,1,4,2,35,2,1,7,1,1,6,NA
2,2,2,3,2,6,1,NA,7,5,1,1,10,1,1,2,55,1,0,2,1,2,6,NA
1,1,1,3,2,6,1,1,7,1,1,1,1,3,4,1,35,3,1,7,1,5,4,NA
1,2,2,3,1,10,1,1,6,10,1,5,1,1,4,1,55,1,0,6,1,1,NA,NA
4,2,1,3,2,7,10,10,7,2,1,1,1,1,3,1,21,2,1,6,1,4,4,76001
3,1,2,1,1,10,1,1,2,1,1,1,1,1,4,1,21,2,1,6,0,2,1,NA
NA,2,2,3,3,1,NA,NA,8,NA,NA,1,1,1,4,2,55,1,0,3,0,NA,NA,76006
4,2,2,3,2,10,10,1,4,1,4,7,9,2,3,1,45,2,1,6,1,3,8,NA
4,2,2,3,2,5,10,1,6,1,1,1,5,1,3,2,35,2,1,6,1,0,NA,76002
2,1,2,3,2,1,1,2,5,2,3,1,4,3,4,1,35,3,1,5,1,4,7,NA
1,2,2,3,2,10,1,1,7,10,1,1,1,1,NA,1,45,2,1,5,1,2,5,NA
2,1,2,3,2,1,1,1,7,1,1,1,1,1,3,1,45,1,1,4,1,3,1,76002
4,2,2,3,2,8,1,1,4,5,1,3,5,1,4,1,55,1,1,5,1,3,8,76007
4,1,2,3,2,10,1,10,7,1,1,1,1,1,4,1,35,1,1,3,0,1,10,76004
NA,1,2,3,2,5,1,1,7,1,NA,3,1,1,4,2,45,2,0,5,1,3,8,76001
1,1,2,2,1,8,10,10,2,1,8,3,10,3,4,2,45,2,0,6,1,4,6,NA
3,1,2,3,2,10,1,1,2,2,1,1,5,2,2,2,35,2,0,5,0,1,4,76002
3,2,2,3,3,10,9,1,8,1,1,1,1,1,4,2,35,2,0,4,1,2,NA,NA
1,2,2,3,3,1,10,1,8,1,1,2,1,1,4,2,55,1,0,6,1,2,1,NA
1,2,2,3,2,9,7,1,7,1,1,1,6,1,4,2,55,1,1,8,0,3,5,76002
2,1,1,1,2,1,10,1,7,6,6,6,5,1,3,2,35,2,0,6,1,2,1,76002
1,1,2,1,1,1,7,4,2,1,1,5,10,1,3,2,45,2,1,7,0,5,1,76002
2,2,2,1,1,2,2,5,1,3,1,3,1,1,3,1,27,2,1,6,0,2,4,NA
4,2,2,3,2,NA,8,5,8,5,1,1,5,1,3,2,21,3,1,7,1,2,5,76004
4,2,2,3,2,1,10,NA,5,1,5,5,5,1,4,1,55,1,1,8,0,3,5,NA
4,2,2,1,2,1,1,1,1,1,1,1,1,1,3,1,35,2,0,8,1,4,2,NA
3,2,2,3,2,1,10,1,8,1,1,1,1,1,4,2,55,1,0,5,1,5,NA,NA
1,1,2,3,1,9,8,9,7,3,1,1,2,1,4,2,21,2,0,5,1,2,5,NA
2,1,2,3,3,7,8,2,7,1,1,1,10,1,4,1,35,2,0,8,0,2,4,NA
4,2,2,3,1,8,9,9,2,9,1,1,5,6,2,2,35,2,1,8,1,2,5,76002
3,2,2,3,1,8,8,7,8,1,1,1,8,1,4,2,21,2,1,4,1,2,5,NA
4,2,1,3,2,10,10,1,8,1,5,5,5,1,4,2,35,2,0,6,1,0,NA,NA
2,1,2,3,2,4,3,1,7,4,1,1,5,5,4,1,27,2,1,5,0,4,5,NA
NA,2,2,2,NA,NA,NA,NA,7,NA,NA,5,10,1,1,2,55,1,1,4,0,NA,NA,NA
4,2,2,3,3,NA,10,1,7,NA,1,1,10,1,4,1,21,2,0,4,1,2,10,NA
1,2,1,3,2,5,4,6,5,5,1,1,1,4,4,2,35,2,0,8,1,5,5,NA
NA,NA,2,3,NA,NA,NA,NA,7,1,NA,1,NA,1,4,2,55,1,0,2,0,NA,NA,NA
1,1,2,3,2,8,5,6,5,1,1,1,1,1,4,2,45,2,1,2,1,1,8,NA
1,1,2,3,3,1,1,1,2,1,1,1,1,1,4,1,55,1,1,5,0,1,NA,NA
4,1,2,3,3,1,1,1,2,1,1,1,10,1,3,1,35,3,1,5,1,1,1,NA
NA,1,2,3,2,NA,1,1,2,1,1,5,5,1,4,2,55,1,0,5,1,NA,NA,NA
4,1,1,3,2,1,1,9,2,1,1,1,1,1,4,1,55,2,1,5,0,1,10,NA
3,1,1,1,2,5,7,3,4,1,5,5,5,2,4,2,21,2,1,5,1,3,5,NA
4,2,2,3,3,10,NA,1,1,10,NA,1,10,1,4,2,35,1,0,5,0,NA,10,NA
4,1,2,3,2,10,5,10,7,1,1,1,10,1,4,2,55,3,1,8,1,2,10,NA
3,1,2,3,2,8,9,9,7,1,1,1,2,1,3,2,35,3,1,6,1,3,5,NA
1,1,2,3,2,1,10,1,4,1,1,1,10,1,4,1,45,2,1,5,0,1,5,76001
1,1,2,3,3,1,1,1,5,1,1,1,1,1,3,2,55,2,0,5,1,NA,5,NA
NA,2,2,3,2,NA,10,NA,2,1,1,1,10,1,4,2,35,1,0,7,0,NA,10,NA
4,2,2,2,1,1,10,1,7,1,1,1,1,1,4,2,55,1,1,5,1,2,10,NA
NA,2,2,3,NA,NA,NA,NA,1,NA,1,1,NA,1,4,2,21,1,1,2,0,NA,NA,NA
4,2,2,3,2,1,10,1,8,1,1,1,10,1,4,2,45,2,1,7,0,4,10,NA
1,1,2,3,2,10,1,5,8,7,1,1,5,1,4,1,21,2,0,7,1,4,5,76003
1,1,2,3,2,10,1,1,2,1,8,1,10,1,4,1,55,2,1,6,1,3,8,NA
4,2,2,3,2,1,1,1,7,1,1,1,1,1,4,1,55,1,1,5,1,3,1,5
2,2,1,3,2,10,1,10,8,1,1,1,5,1,2,1,45,3,1,5,1,2,NA,NA
1,1,1,3,2,7,7,10,7,4,1,1,7,2,3,2,21,2,1,5,0,3,5,NA
4,1,2,3,2,10,1,1,7,1,5,1,5,1,4,1,35,3,1,5,1,0,5,NA
NA,3,2,3,1,1,5,1,6,6,6,8,10,5,4,2,35,3,1,6,0,3,10,NA
1,1,1,1,2,8,1,1,3,10,1,5,10,1,2,1,35,3,1,6,1,4,5,NA
1,2,2,3,NA,1,NA,NA,6,1,1,1,10,1,4,1,55,1,1,3,1,NA,NA,NA
2,2,2,3,NA,1,NA,NA,6,NA,1,1,NA,1,4,1,35,1,1,3,1,1,9,NA
1,1,3,3,NA,6,10,6,7,6,1,1,6,1,4,2,45,2,1,3,1,1,NA,NA
3,2,2,3,2,8,3,4,6,5,1,6,7,1,4,2,21,2,1,3,1,1,5,NA
2,2,2,3,1,1,5,1,7,1,1,5,6,1,4,1,21,1,1,3,0,2,3,NA
2,3,2,3,1,NA,10,NA,7,1,1,1,NA,1,4,2,55,1,1,3,1,1,NA,NA
3,2,2,3,1,10,1,1,2,7,1,6,8,1,4,1,21,2,0,3,1,3,NA,NA
1,2,2,3,1,3,8,1,4,1,1,6,10,1,4,1,55,1,1,6,0,1,10,76002
1,2,1,2,1,6,4,3,1,8,5,7,8,1,3,2,27,2,0,6,1,2,5,NA
1,1,2,3,1,8,1,1,6,7,1,7,7,1,4,2,45,2,0,6,1,2,7,NA
1,2,1,1,1,8,8,10,5,1,3,6,10,1,2,2,27,2,NA,3,1,4,5,76001
1,1,2,3,2,5,5,4,1,1,1,5,5,1,2,2,45,2,1,7,1,0,4,76001
1,2,NA,3,NA,NA,NA,NA,6,1,1,1,1,1,4,2,55,1,1,7,1,NA,NA,NA
1,2,2,3,2,1,5,1,3,1,1,1,6,1,2,1,21,2,0,7,0,2,5,NA
1,2,2,3,2,10,1,1,6,1,1,1,1,1,4,1,35,3,1,2,1,1,10,76001
1,1,1,3,2,8,2,2,3,7,1,5,5,1,1,1,45,3,1,7,1,2,5,NA
1,2,1,3,2,4,5,1,2,3,1,1,5,5,4,2,55,1,0,7,1,3,5,NA
1,2,1,3,2,5,4,2,1,2,7,8,7,5,4,1,45,2,1,7,1,3,6,NA
4,2,2,3,3,1,1,10,6,1,10,1,1,1,4,1,27,3,1,3,1,3,1,76002
1,1,2,3,1,5,5,3,2,5,1,5,5,5,1,1,35,3,1,7,1,3,1,76002
3,2,2,2,2,4,5,5,3,1,1,1,1,1,1,1,55,2,1,2,1,3,5,NA
1,2,2,3,2,8,5,10,7,1,1,1,1,1,3,2,27,2,0,2,1,2,4,76021
1,2,2,3,2,5,4,1,1,1,NA,5,8,7,4,1,35,2,0,7,1,2,3,76002
1,2,2,2,2,10,5,5,8,1,3,1,1,1,4,2,55,1,0,7,1,3,10,76001
4,1,2,3,2,8,1,2,7,1,3,1,5,4,4,2,55,3,0,6,1,4,7,NA
3,1,2,3,2,1,1,1,8,1,1,1,1,1,4,2,35,2,0,2,1,1,1,NA
1,1,2,3,2,4,6,1,8,1,1,3,3,1,4,2,45,2,1,8,1,1,NA,NA
1,2,2,2,2,8,5,4,4,1,1,1,3,1,3,1,35,1,1,8,0,1,NA,NA
1,1,1,1,2,8,3,2,2,5,1,1,5,1,4,1,55,1,1,6,1,3,NA,NA
2,2,2,2,2,1,10,1,2,1,1,1,3,1,4,1,45,1,1,7,1,2,5,NA
2,1,1,2,2,7,5,5,7,4,3,3,10,1,3,1,35,2,1,5,1,3,5,NA
1,1,1,2,2,8,2,1,2,1,4,5,7,2,4,1,35,3,1,8,1,3,3,NA
3,1,1,3,2,7,NA,NA,8,1,1,1,1,1,4,2,35,1,0,6,1,3,NA,76019
NA,2,2,3,NA,NA,NA,NA,7,1,1,1,1,1,4,2,55,1,0,5,1,NA,NA,NA
3,2,2,3,2,8,6,1,6,5,1,5,5,1,3,2,45,1,0,5,1,3,NA,NA
1,2,2,3,3,8,9,8,8,2,1,1,1,1,4,2,21,2,0,8,1,1,NA,NA
1,1,2,2,2,7,3,1,1,10,6,2,5,6,2,2,35,2,1,8,1,2,5,76002
4,1,2,3,2,4,1,1,1,1,1,1,1,1,3,1,27,2,1,5,0,3,5,NA
1,2,2,3,3,10,10,1,7,1,1,5,1,1,3,2,55,1,1,3,1,NA,NA,NA
4,2,2,3,2,5,1,1,7,1,1,1,1,1,1,2,45,1,0,3,1,1,10,NA
4,2,2,2,2,1,2,1,7,8,1,7,8,2,4,1,55,3,1,2,0,2,5,NA
1,1,2,3,2,10,10,1,7,1,1,1,1,1,4,2,55,1,0,6,1,1,10,NA
NA,2,2,3,NA,NA,NA,NA,2,1,NA,1,NA,1,4,1,55,1,1,8,0,NA,NA,NA
NA,2,2,3,2,NA,NA,NA,6,NA,1,1,10,1,4,2,55,1,1,6,0,NA,NA,NA
4,1,2,3,2,1,1,1,2,5,1,1,5,1,4,1,35,2,1,6,1,3,5,76001
NA,2,2,3,3,10,1,1,3,1,1,1,1,1,4,1,55,1,1,6,1,2,10,NA
1,2,2,3,3,6,9,3,8,5,1,1,1,1,4,1,21,1,1,6,1,1,4,NA
NA,1,2,3,NA,NA,10,1,7,1,NA,1,1,1,4,2,55,1,1,2,1,NA,5,NA
NA,1,2,3,2,NA,NA,NA,6,1,NA,1,10,1,3,2,45,1,0,2,1,NA,5,NA
1,3,2,3,2,10,1,1,4,5,1,5,8,1,4,1,45,2,1,2,1,1,10,NA
1,1,2,3,2,10,10,1,7,1,1,1,1,1,2,2,35,3,1,8,1,3,5,76002
2,1,2,3,2,8,5,10,7,10,1,1,1,1,4,1,21,2,0,5,0,0,10,NA
1,3,1,3,2,1,1,1,2,10,1,1,1,1,4,1,55,1,1,8,1,2,5,NA
3,2,2,3,2,1,10,1,5,1,1,1,10,1,3,1,21,1,1,8,0,2,1,NA
1,1,2,1,2,1,1,7,8,4,1,1,4,1,3,2,21,3,1,5,1,3,10,76001
4,2,2,3,3,8,1,10,7,1,1,1,1,1,4,1,45,2,1,3,1,1,NA,NA
2,2,2,3,2,5,5,2,4,1,5,5,1,1,2,2,21,3,0,6,1,2,5,NA
4,1,1,3,3,1,10,1,4,1,1,1,10,1,4,1,45,2,1,6,1,2,10,76001
4,2,2,3,2,4,10,3,8,10,1,1,2,1,4,2,55,1,1,2,1,1,10,76001
4,1,1,3,2,5,5,1,7,1,1,1,5,1,3,2,45,1,1,2,1,0,5,76021
4,1,2,3,2,10,1,1,7,1,1,1,1,1,3,1,45,1,1,2,1,2,7,NA
1,1,2,2,2,8,3,1,4,4,1,1,5,7,4,2,35,3,1,5,0,4,5,76003
3,1,2,2,1,6,4,4,6,1,5,1,6,4,3,2,21,2,0,5,1,4,5,NA
4,1,2,1,1,8,4,2,4,6,3,2,5,5,2,1,27,3,1,5,1,3,3,NA
4,1,2,3,2,10,10,10,8,1,1,1,5,1,4,2,35,2,1,7,1,2,4,NA
2,2,2,2,1,10,10,10,1,1,5,5,5,5,4,2,27,1,0,3,1,3,1,5
3,1,2,3,2,5,1,1,8,1,10,1,10,1,4,2,35,2,0,3,1,3,5,NA
1,1,2,1,2,7,3,4,2,1,5,5,5,1,4,1,21,3,1,3,1,5,9,NA
4,1,2,3,1,1,1,1,3,1,1,1,1,1,4,1,45,1,1,3,1,3,10,76001
4,1,2,3,2,10,1,4,6,1,5,1,10,1,4,2,35,1,1,7,1,2,1,76021
4,2,2,3,2,10,1,10,1,1,NA,2,10,1,4,2,55,2,1,7,1,0,10,NA
4,2,1,3,2,10,10,1,1,10,1,1,9,9,4,1,27,2,1,7,0,3,1,NA
4,3,2,3,1,4,3,1,2,4,1,1,1,1,4,1,55,1,1,7,1,1,5,76001
3,3,2,3,2,5,1,1,6,5,2,1,1,1,4,1,55,1,1,7,1,2,8,NA
4,1,2,3,2,3,NA,NA,2,1,1,3,8,1,4,2,45,1,0,7,1,2,NA,NA
4,2,2,3,2,1,1,1,7,10,1,1,10,1,4,1,55,1,1,3,1,2,10,NA
1,2,2,3,2,8,5,1,2,1,1,1,4,1,3,1,21,2,1,7,1,1,5,76001
4,2,2,2,2,10,1,1,2,1,NA,1,1,1,4,1,55,1,1,7,1,2,NA,NA
4,1,1,3,2,5,8,8,3,1,1,1,4,1,3,2,35,1,0,7,1,1,6,76001
1,1,2,3,2,8,4,1,7,1,1,5,5,1,4,2,55,1,1,5,1,1,4,76019
4,2,2,3,1,8,4,6,7,1,1,2,2,1,1,1,27,2,1,5,1,3,5,NA
1,1,2,3,1,8,2,NA,1,8,1,1,6,1,1,1,21,2,0,8,1,1,1,NA
4,2,2,2,3,3,3,3,7,6,6,1,1,7,3,1,21,2,1,5,1,0,6,76001
1,2,1,2,2,9,3,1,7,5,1,1,10,1,4,1,27,2,1,4,1,3,4,76004
4,2,2,3,2,10,NA,2,6,7,6,1,10,1,3,2,55,1,0,8,1,2,NA,NA
1,1,2,1,2,9,7,9,2,1,3,5,5,1,4,2,21,2,0,8,1,2,5,NA
2,1,2,3,1,10,1,1,1,8,8,3,10,1,2,2,35,2,1,8,1,2,4,76002
1,2,2,3,2,5,1,5,4,1,5,3,8,1,4,1,27,2,0,4,1,2,1,NA
2,2,2,3,2,10,NA,1,2,10,1,1,1,1,4,2,21,2,1,8,0,1,NA,NA
1,2,2,3,2,1,10,10,2,10,1,1,10,10,2,1,21,2,1,7,1,1,5,76001
4,1,2,3,2,9,4,10,5,10,9,1,10,1,3,2,21,2,1,8,1,2,10,NA
3,1,2,3,3,1,1,10,2,10,1,1,10,1,4,1,35,1,0,8,1,1,1,NA
2,2,2,3,3,1,1,8,6,6,1,1,1,4,2,2,21,2,0,4,1,1,5,NA
NA,1,2,NA,NA,NA,NA,NA,1,1,1,1,1,1,1,2,55,1,0,8,0,NA,NA,NA
1,2,2,3,1,1,9,1,7,8,1,1,10,1,4,1,21,2,0,4,0,1,8,NA
1,2,2,3,3,7,3,5,6,1,5,5,5,1,4,2,27,1,1,7,0,3,5,76001
4,2,2,3,2,6,10,8,7,1,1,1,8,5,4,1,35,1,0,2,0,0,8,NA
2,2,2,1,2,10,1,1,1,1,1,5,5,1,1,1,35,2,1,8,1,5,5,NA
2,1,2,2,2,10,1,1,7,2,1,4,5,1,2,1,55,2,1,8,1,1,6,NA
4,1,1,3,2,1,1,1,8,7,2,1,1,1,3,2,55,2,1,5,1,3,NA,NA
1,2,NA,2,NA,NA,NA,NA,1,NA,1,5,1,1,1,2,55,1,0,4,1,NA,NA,NA
2,2,2,3,2,10,6,10,1,6,6,1,10,1,3,2,35,2,0,4,1,2,NA,NA
4,2,2,3,1,1,1,1,1,1,1,1,7,2,4,2,21,1,0,7,1,1,1,76002
1,2,2,3,2,1,1,NA,1,1,5,5,10,1,4,1,55,2,1,8,1,0,10,76006
4,1,2,2,2,9,2,3,5,1,1,1,1,1,4,2,21,2,1,4,1,2,3,76001
1,1,2,3,3,6,1,3,2,7,5,1,3,4,3,2,35,2,0,5,1,3,5,NA
2,1,1,3,2,7,5,1,2,1,1,1,1,1,4,2,21,2,1,5,1,3,4,NA
4,2,2,3,2,1,1,1,1,1,1,1,1,1,3,1,35,2,0,7,1,3,5,NA
1,2,2,2,2,5,2,1,1,3,4,1,7,2,2,1,45,2,1,7,1,0,7,NA
2,1,2,3,2,6,1,1,2,1,1,1,1,1,4,1,21,2,1,4,1,2,5,NA
4,2,2,3,3,6,5,1,5,1,1,1,1,1,4,1,21,2,0,7,1,2,1,NA
4,1,2,3,2,1,10,1,2,1,1,1,1,1,3,1,35,2,1,7,1,1,NA,76002
1,1,1,3,2,10,7,4,7,1,3,1,1,1,4,2,45,2,1,7,1,2,NA,NA
4,1,2,3,2,1,1,1,7,1,1,1,1,1,4,2,55,1,0,7,1,0,NA,NA
3,2,1,3,2,6,4,1,2,1,1,1,1,1,2,1,21,2,1,7,1,3,10,NA
4,3,2,3,2,3,8,1,4,5,1,1,1,1,4,1,21,2,0,7,1,0,1,NA
2,1,2,3,2,7,4,2,5,3,3,2,5,1,4,2,21,2,1,7,1,2,5,NA
4,2,2,2,2,8,7,3,8,1,1,1,1,1,4,2,21,2,0,7,1,0,7,NA
1,1,2,3,2,8,1,6,2,1,8,1,9,1,4,2,35,1,1,7,1,1,8,NA
3,2,2,3,2,1,1,1,6,1,1,1,1,1,4,1,55,1,1,7,1,1,1,76002
3,2,2,3,2,1,10,NA,8,1,1,1,1,1,4,2,35,2,0,7,1,1,NA,NA
4,1,1,3,NA,1,2,2,7,1,4,1,1,1,4,1,27,2,1,5,1,2,4,76001
2,1,2,3,2,3,1,3,2,2,1,1,1,1,3,1,55,1,1,5,1,2,4,NA
1,1,2,3,2,10,3,1,6,1,1,1,10,1,4,2,45,2,1,5,1,2,8,NA
NA,1,1,3,2,1,9,1,6,1,1,1,1,1,4,2,45,2,1,2,1,1,10,76021
4,2,2,3,2,10,1,1,2,9,1,8,6,1,4,1,45,2,1,5,1,3,7,76006
1,1,2,1,2,1,1,1,7,10,1,5,5,1,3,1,35,3,1,2,1,3,5,NA
1,1,2,1,2,9,6,1,7,1,1,1,1,1,4,2,27,3,1,3,1,4,4,NA
1,2,1,3,2,10,1,1,8,1,8,1,8,6,4,2,55,3,0,6,1,3,7,76001
1,1,2,2,1,5,1,1,3,5,5,5,5,5,3,1,27,3,1,8,1,5,3,76004
1,2,2,3,2,8,4,1,6,3,NA,2,10,1,4,2,35,2,1,5,1,1,8,NA
3,1,1,3,3,7,NA,1,8,1,1,2,8,1,4,2,55,1,0,5,1,NA,NA,NA
1,1,2,3,2,2,1,2,7,3,1,1,1,1,4,1,35,1,1,7,1,3,NA,NA
4,2,2,3,2,1,1,8,8,10,1,1,1,1,1,2,35,1,1,7,0,2,NA,NA
4,1,2,3,2,1,10,3,6,1,1,1,1,1,2,1,35,2,1,4,1,2,1,NA
4,1,1,3,2,3,3,7,6,5,3,2,5,1,4,2,21,1,1,6,1,2,4,NA
2,2,2,3,2,8,4,3,6,2,1,1,1,1,4,1,35,1,0,6,1,1,8,76001
1,1,2,2,2,10,5,1,2,1,5,7,10,1,1,2,45,2,1,8,0,2,5,NA
3,1,2,3,2,1,4,4,7,3,1,2,2,1,4,1,21,2,1,6,0,2,NA,76001
4,2,2,3,3,5,4,5,2,5,1,3,4,3,3,2,21,3,0,6,1,2,5,NA
1,2,2,3,2,10,1,1,6,1,5,1,1,1,4,1,55,1,1,8,1,4,NA,NA
1,2,2,3,3,1,1,1,7,1,1,1,10,1,3,1,35,2,0,5,1,NA,NA,NA
3,2,2,3,2,1,10,1,6,1,1,1,5,1,4,1,55,1,1,5,1,2,10,NA
4,1,2,3,2,1,5,4,8,8,1,4,9,1,4,2,55,1,1,5,0,NA,NA,NA
1,2,2,3,2,5,1,4,1,1,1,1,6,1,1,1,55,1,1,4,1,3,2,NA
1,2,2,3,2,5,5,1,7,1,1,1,5,5,3,1,21,2,1,4,1,4,5,76001
4,2,2,3,NA,NA,NA,NA,7,1,1,1,1,1,4,2,45,1,0,4,1,2,NA,NA
3,2,2,1,2,1,4,5,6,5,1,4,5,1,3,1,35,2,1,5,1,4,5,76002
4,1,2,3,NA,NA,NA,NA,5,5,1,8,5,1,2,1,21,1,1,5,1,NA,NA,NA
4,3,2,3,1,4,4,4,3,8,1,4,4,1,4,1,55,1,1,7,0,3,5,NA
4,2,2,3,NA,3,3,3,4,1,1,1,1,1,3,2,55,1,1,7,1,3,NA,NA
4,1,2,3,1,10,1,10,6,5,1,1,1,1,4,2,35,2,1,7,1,0,NA,NA
4,1,2,3,2,3,6,3,2,1,1,1,1,1,4,2,27,2,1,5,0,2,NA,NA
1,2,2,1,NA,10,7,1,1,5,3,3,5,5,4,1,35,3,1,8,1,3,NA,76007
NA,2,2,3,1,10,1,10,7,1,1,1,1,1,4,2,45,2,1,5,1,2,NA,NA
1,3,2,3,2,1,5,1,7,10,1,1,1,10,3,2,21,2,1,7,1,3,8,NA
4,2,2,3,1,1,10,1,1,1,1,1,5,1,4,1,21,2,NA,7,0,1,10,NA
1,1,2,1,2,5,3,2,7,10,10,5,10,1,3,1,35,2,1,6,1,2,3,76003
1,1,2,1,2,1,5,3,2,1,1,6,6,2,4,1,21,2,0,8,0,2,6,NA
2,1,2,2,2,5,5,1,1,7,5,5,7,5,2,2,21,2,1,6,0,3,NA,NA
1,1,1,1,1,6,3,3,1,3,1,3,5,4,4,1,21,3,1,7,1,2,3,76002
1,1,2,1,1,1,10,2,6,1,6,2,9,1,3,2,35,3,1,2,1,2,1,NA
3,2,2,3,1,1,7,1,8,1,1,5,5,5,4,2,55,1,0,6,1,3,NA,76002
4,2,2,3,2,3,5,5,2,1,1,10,1,1,4,2,45,1,1,5,1,1,NA,NA
3,2,2,3,2,8,1,1,6,1,1,1,1,1,4,2,55,1,0,7,1,3,8,NA
4,1,1,3,3,10,10,1,7,1,1,1,1,1,4,2,21,2,0,4,0,3,NA,NA
4,1,2,1,2,4,7,6,7,1,5,1,5,6,4,2,21,2,0,5,1,2,3,NA
1,2,2,3,2,5,1,1,2,1,7,7,10,7,4,1,45,3,1,8,0,3,10,76003
NA,1,2,3,2,10,8,4,7,1,1,10,5,1,4,2,55,1,1,5,1,2,NA,NA
4,1,2,3,2,7,7,3,6,1,1,1,1,1,4,1,35,2,1,8,0,1,NA,NA
1,2,2,3,2,1,1,1,1,1,1,5,5,1,4,1,35,2,1,2,1,3,6,NA
4,1,2,3,1,1,7,2,3,8,3,1,5,1,4,2,35,3,1,7,1,3,1,76003
1,2,2,3,1,1,1,1,3,10,1,1,5,1,4,1,55,2,1,5,1,1,10,NA
3,1,1,3,2,10,2,1,8,1,1,1,5,1,4,2,55,3,1,3,1,2,10,NA
1,1,1,1,2,8,3,1,6,2,1,1,1,4,4,1,55,3,1,3,1,3,5,NA
NA,2,2,3,3,NA,10,1,7,1,1,1,1,1,4,2,55,1,0,5,1,NA,NA,NA
4,1,2,1,2,10,1,10,1,1,1,1,5,1,4,1,55,2,1,6,1,2,NA,NA
1,1,2,3,2,10,6,1,8,1,1,1,1,1,4,1,55,2,1,4,1,0,NA,NA
4,2,1,3,2,10,1,1,8,1,1,1,1,1,4,2,55,2,1,2,1,1,NA,NA
3,2,2,3,2,3,1,5,7,3,5,1,5,1,4,1,45,2,1,7,1,2,6,NA
1,1,1,1,1,5,5,1,4,1,5,5,5,5,1,1,45,3,1,8,1,4,4,NA
4,2,1,3,2,8,9,1,5,3,1,5,5,1,3,1,45,2,1,3,1,4,5,NA
3,1,2,3,2,4,4,3,3,1,1,4,4,1,3,1,55,1,1,3,1,2,6,NA
4,2,2,3,2,6,8,5,2,1,1,1,10,1,4,1,35,2,1,7,1,1,5,76007
4,2,3,3,2,1,NA,1,7,1,1,1,5,1,4,2,55,2,1,7,1,1,5,NA
3,2,2,3,3,4,1,4,6,1,1,3,5,1,4,1,55,2,1,6,1,1,5,NA
1,2,2,3,2,6,7,7,1,1,1,1,1,1,1,1,35,2,1,6,1,1,1,NA
3,2,2,3,2,2,NA,NA,7,1,1,5,5,1,4,2,55,1,1,8,1,0,10,76001
2,1,2,3,2,7,5,2,6,1,1,2,3,1,4,1,35,3,1,6,1,3,5,76002
3,2,1,3,2,10,8,3,4,1,5,8,5,5,4,2,55,2,1,7,1,0,NA,NA
2,2,2,3,2,4,1,2,7,1,1,1,1,1,4,1,55,2,1,7,1,1,8,76001
1,1,2,3,1,6,6,5,4,2,5,8,8,1,3,2,27,3,1,8,1,2,5,5
4,2,2,3,2,7,5,1,7,1,1,1,5,1,4,2,55,2,1,3,1,0,10,76006
3,1,1,3,1,3,5,5,7,1,1,1,1,1,3,2,21,2,1,3,1,3,3,NA
3,1,1,2,1,2,9,1,6,1,1,1,5,4,4,2,35,2,1,7,1,3,7,NA
3,2,2,3,2,4,5,5,7,1,1,5,1,1,3,1,35,1,0,4,1,NA,5,NA
1,2,3,3,1,10,1,1,3,10,1,10,5,5,1,1,21,2,0,4,1,3,5,76004
4,1,2,3,1,7,5,10,2,1,1,5,1,1,4,2,27,2,0,4,1,2,3,NA
1,1,1,3,2,4,8,3,2,1,1,1,8,1,4,1,21,2,0,7,1,4,1,NA
4,2,2,3,1,3,7,1,7,1,1,1,1,1,4,2,45,2,0,6,1,0,1,NA
4,2,1,3,2,6,7,6,2,7,4,7,6,3,4,2,21,2,0,6,1,2,3,76002
3,2,2,3,2,1,10,1,4,1,1,1,1,1,4,1,27,2,1,2,1,2,NA,NA
4,2,2,3,2,1,1,1,5,1,1,1,1,1,2,1,45,1,1,4,1,3,10,NA
1,1,2,3,2,10,NA,1,8,1,3,3,3,3,4,2,45,2,1,4,1,2,5,76003
4,2,2,3,2,1,10,10,7,1,1,1,1,1,4,1,55,2,1,4,1,2,10,NA
1,1,1,3,1,5,5,7,6,1,1,5,1,1,3,2,21,2,1,5,1,2,5,NA
1,1,2,3,2,6,1,1,2,1,1,1,1,1,3,1,55,2,1,7,1,3,5,NA
4,1,1,3,2,7,1,1,1,1,5,6,6,2,1,1,35,2,1,7,1,4,5,NA
2,1,2,3,2,10,7,8,6,3,3,1,7,1,3,1,21,2,1,7,0,0,4,76002
NA,1,2,2,2,10,NA,NA,8,1,1,1,1,1,4,2,55,2,0,2,1,2,NA,NA
1,1,2,1,1,10,5,8,2,10,10,5,5,1,3,2,21,2,0,4,1,3,NA,NA
4,1,2,3,2,10,1,1,2,5,1,1,1,1,3,2,45,1,0,5,1,1,10,NA
1,1,2,3,2,5,4,4,3,1,1,1,4,1,4,2,45,2,0,7,1,2,10,76019
4,2,2,3,1,1,1,1,7,1,1,1,1,1,4,1,55,1,1,2,1,0,NA,NA
1,1,2,2,2,1,5,5,4,5,1,5,5,1,3,1,27,2,1,5,1,3,5,76004
1,2,2,2,2,5,5,3,4,1,5,1,5,5,3,1,35,3,1,4,1,3,4,NA
4,1,2,3,2,4,4,4,7,1,1,1,1,1,4,2,55,1,0,5,1,3,6,NA
1,1,2,3,2,10,1,1,1,1,5,5,10,1,3,1,55,2,1,5,1,2,4,NA
1,1,1,3,2,4,4,2,2,1,4,1,5,1,4,2,21,2,0,7,0,3,6,NA
1,2,1,1,2,6,7,5,2,9,1,1,2,1,4,2,35,2,0,8,1,2,NA,NA
1,2,2,3,1,10,10,10,4,1,5,7,10,8,3,2,35,3,1,5,1,2,1,NA
NA,NA,NA,2,NA,NA,NA,NA,6,NA,1,1,10,NA,3,2,45,1,0,5,0,NA,NA,NA
3,2,2,2,1,6,3,7,6,5,1,8,8,1,3,1,35,2,1,2,1,3,3,NA
NA,2,NA,2,NA,1,NA,NA,2,NA,1,1,NA,NA,2,2,27,1,0,7,0,NA,NA,NA
1,1,2,3,NA,1,10,1,2,5,1,1,5,5,3,2,55,1,0,7,1,3,10,76006
1,2,2,2,1,10,5,NA,6,3,1,1,5,1,4,1,55,1,1,7,1,0,10,NA
4,2,2,2,1,8,3,3,6,7,1,7,8,4,3,1,27,2,1,6,1,4,5,NA
1,3,2,3,2,1,5,2,2,4,2,1,8,5,2,1,21,3,1,5,1,3,5,NA
NA,2,2,3,1,1,NA,NA,7,NA,1,1,5,1,4,2,27,1,0,5,1,1,NA,76001
4,2,2,3,2,1,5,1,3,1,1,1,5,1,4,1,45,1,0,8,1,3,5,76001
1,1,2,3,2,10,10,1,7,5,5,1,6,2,4,2,35,2,1,8,0,3,5,76003
4,2,2,3,2,10,10,10,7,10,1,1,1,1,4,2,55,1,0,8,1,NA,NA,NA
4,2,2,3,2,10,8,1,4,10,1,1,1,1,4,2,21,2,1,8,0,2,1,NA
1,1,2,3,2,1,1,1,7,1,1,1,1,1,4,1,45,2,0,8,1,3,5,76001
3,1,2,3,2,1,10,1,4,10,1,1,1,1,4,2,55,1,0,5,1,1,10,NA
1,1,2,3,2,7,1,2,2,10,1,1,10,1,3,1,45,2,1,5,1,2,5,NA
4,1,2,3,1,1,10,10,2,1,1,1,1,1,3,1,21,2,1,8,1,5,1,76002
2,1,1,3,2,7,5,1,2,1,1,6,1,2,4,1,21,2,1,4,1,3,5,NA
4,2,2,3,1,10,5,1,7,1,1,1,1,1,4,2,35,2,0,7,1,1,NA,NA
3,1,2,3,2,9,9,1,5,10,1,1,3,1,4,2,45,2,0,4,1,3,10,76021
3,1,2,3,2,8,4,3,4,1,1,3,8,1,4,2,21,2,0,4,1,2,5,76001
1,1,2,3,2,1,1,1,6,8,10,9,10,1,4,2,45,3,1,7,1,4,2,76002
4,2,2,3,2,4,7,1,4,1,1,3,3,2,4,2,45,1,0,7,1,2,2,NA
4,2,1,3,2,8,10,10,7,10,1,1,1,4,2,2,21,2,0,8,1,1,1,NA
3,2,2,2,2,1,1,1,1,4,6,3,7,1,4,2,35,2,0,8,1,3,5,NA
4,1,2,3,2,10,10,5,2,2,1,1,4,1,3,1,45,1,1,7,1,1,6,76001
1,1,2,3,2,1,1,1,7,1,1,1,1,1,4,1,55,2,1,4,0,1,10,NA
1,2,1,3,2,1,4,1,8,1,1,1,1,1,4,1,27,2,1,8,1,2,6,76004
1,2,1,3,2,7,1,2,2,6,1,6,1,4,3,1,21,3,1,8,1,2,7,76006
4,2,2,3,3,1,8,2,6,2,2,8,6,2,4,1,55,2,1,5,1,2,7,NA
4,2,2,3,2,10,1,1,3,1,1,1,1,1,4,1,55,1,1,7,1,2,10,76019
1,1,2,3,2,10,6,8,7,1,1,5,8,3,2,2,21,2,1,4,0,3,5,NA
2,1,2,3,2,9,4,4,8,1,1,1,1,1,4,1,21,2,1,4,1,1,10,NA
1,1,1,3,2,8,4,2,8,1,3,2,2,1,2,2,55,3,1,4,1,3,5,NA
1,1,2,3,2,9,8,5,2,1,1,10,4,1,3,1,35,2,1,4,1,3,7,76002
4,1,2,2,2,4,5,7,2,4,1,1,5,2,4,2,21,2,0,7,1,1,5,NA
2,2,2,3,2,5,5,4,2,4,1,1,4,2,4,1,55,1,1,8,1,1,NA,NA
2,1,2,3,2,1,1,1,3,3,3,3,3,3,4,1,55,2,1,7,1,3,NA,NA
4,1,2,3,2,10,5,1,2,1,10,5,10,1,4,1,21,2,0,8,1,3,5,NA
1,1,2,3,2,10,6,1,1,1,5,9,9,5,2,2,21,3,0,8,1,5,3,5
4,2,2,2,2,1,3,7,1,5,1,4,4,9,4,1,21,1,1,8,0,3,1,76002
4,1,2,3,2,10,1,1,8,1,1,1,1,1,4,1,55,1,1,8,0,0,10,NA
1,1,1,3,2,10,9,1,7,1,1,1,1,1,4,2,45,1,1,8,1,2,10,NA
1,3,2,3,2,5,1,1,2,1,5,2,10,1,1,1,45,2,1,8,1,3,3,NA
3,1,1,3,3,10,10,1,5,6,8,1,1,1,3,2,55,1,1,8,1,2,10,NA
3,1,2,2,2,8,5,1,6,10,1,5,5,1,3,2,55,1,1,8,1,2,10,NA
4,1,2,3,2,5,1,1,2,1,1,1,1,1,4,1,45,2,1,8,1,3,2,76002
4,1,2,3,NA,5,5,5,7,1,1,1,1,1,4,2,35,2,0,8,1,1,NA,NA
1,1,1,3,2,8,1,1,7,5,1,5,5,1,3,1,55,2,1,8,1,3,5,NA
1,1,3,3,NA,7,2,1,6,2,8,9,10,1,4,2,55,1,0,8,1,4,5,NA
4,1,2,3,2,5,3,9,1,3,5,5,5,1,3,1,35,2,1,8,1,3,3,76002
4,2,2,3,2,1,1,2,6,1,1,1,1,1,4,1,55,1,1,8,0,0,NA,76001
4,1,2,3,2,3,9,10,6,1,1,1,1,1,4,2,55,1,0,8,1,2,NA,NA
2,1,2,3,2,1,1,10,2,1,1,1,10,1,4,1,55,2,0,8,0,1,5,76002
1,1,2,3,2,10,NA,1,7,1,1,1,5,1,4,2,55,1,0,8,0,0,NA,NA
4,2,1,3,2,5,NA,1,6,1,1,4,10,1,1,2,55,1,0,8,1,2,1,NA
3,1,1,3,2,8,5,8,1,3,10,1,10,1,3,2,21,2,0,8,1,3,4,76002
4,1,2,3,2,1,9,10,2,1,10,1,1,1,4,1,55,1,1,8,1,1,10,76001
4,1,2,2,1,4,4,4,4,2,1,1,6,1,3,1,27,2,1,8,1,2,1,76002
3,1,2,3,2,10,1,1,6,1,5,1,1,1,4,2,21,2,0,8,1,3,5,76002
1,1,1,1,2,2,1,3,1,8,1,7,7,6,3,1,21,3,1,8,1,3,3,76002
4,2,2,3,2,1,5,1,7,1,1,5,10,1,3,2,55,1,0,7,1,2,5,NA
1,2,2,3,2,9,8,8,5,1,1,1,2,1,4,2,35,1,1,7,0,2,10,NA
1,2,2,3,3,4,8,NA,1,1,1,3,3,1,4,2,55,1,0,8,1,2,5,NA
1,2,2,3,1,1,1,1,5,1,1,1,10,1,3,1,35,2,0,7,1,3,4,76002
4,1,2,3,2,2,1,1,6,1,1,3,7,3,3,1,21,1,1,8,1,2,10,76001
4,2,2,2,1,1,1,1,2,1,1,5,5,1,3,1,55,2,1,7,1,2,10,NA
1,1,2,3,3,9,7,3,3,1,10,10,10,1,4,2,35,2,1,7,1,3,5,76001
3,2,2,1,2,10,10,10,2,1,5,5,3,4,4,1,45,2,1,8,1,1,8,NA
2,2,2,3,2,4,5,4,2,1,1,1,9,1,4,2,55,NA,0,8,1,0,7,NA
4,1,1,3,2,10,1,1,6,1,1,1,10,1,4,1,21,2,0,8,1,3,5,NA
4,2,2,3,3,5,5,3,2,1,1,2,1,1,4,2,55,1,0,8,0,3,NA,76004
1,1,2,2,2,10,5,1,2,3,5,1,10,1,3,2,35,2,1,7,1,0,5,NA
2,1,1,1,2,10,1,2,8,10,1,1,5,1,4,1,35,3,1,8,1,0,5,NA
1,1,2,3,2,5,2,1,4,8,10,5,10,1,4,1,55,2,1,7,0,3,5,NA
4,3,2,3,2,1,6,10,3,1,1,1,1,1,3,2,21,2,1,8,1,2,1,NA
4,2,2,3,3,4,10,4,8,1,10,1,10,1,2,2,35,1,1,7,0,2,NA,NA
4,3,2,3,2,5,5,5,7,1,1,1,1,1,4,2,55,1,0,7,1,2,NA,NA
4,1,2,3,2,2,1,3,2,1,10,1,1,1,4,2,35,1,0,7,0,2,NA,NA
4,1,2,3,2,1,NA,NA,7,1,1,1,8,1,4,2,45,1,0,8,1,NA,NA,76001
1,1,2,2,3,5,3,1,6,5,1,2,4,9,4,2,27,1,0,8,1,1,10,NA
1,3,2,3,2,4,8,3,2,1,1,3,3,1,3,2,21,3,1,8,1,1,7,76002
1,1,1,3,2,1,10,1,2,NA,3,2,2,2,4,2,55,1,0,7,1,2,9,NA
2,1,2,1,1,7,5,4,2,1,1,4,5,1,1,1,21,2,0,8,1,3,7,NA
4,3,2,3,2,2,1,1,2,1,5,1,1,1,4,1,45,2,1,7,0,2,4,76002
1,2,2,3,2,1,1,5,2,1,5,2,10,1,4,1,55,1,1,7,1,1,5,76004
3,1,2,3,2,2,1,2,6,1,1,3,3,1,3,1,55,1,1,8,1,1,NA,NA
1,2,2,3,2,7,5,4,1,10,5,1,5,1,4,1,35,2,1,7,1,2,5,NA
1,2,2,1,2,2,2,2,2,2,1,10,1,1,3,1,55,2,1,7,0,5,3,NA
3,1,2,3,2,1,1,1,1,10,1,1,1,1,4,1,45,2,1,7,1,1,5,NA
1,1,1,3,2,10,4,3,6,9,1,1,2,4,1,1,27,2,0,7,1,2,5,NA
1,1,1,3,1,10,1,10,6,4,1,8,1,1,4,1,35,2,1,8,0,3,6,NA
4,2,2,3,2,5,5,1,7,1,1,1,1,1,3,1,35,2,1,8,1,3,5,NA
1,2,2,3,2,1,1,1,8,4,1,1,1,1,4,1,45,1,NA,7,1,2,1,76002
1,2,2,3,NA,9,3,2,8,1,1,1,1,1,4,2,55,3,1,8,1,1,5,NA
4,2,2,3,2,7,NA,4,8,1,1,1,8,1,4,2,55,2,0,7,1,1,NA,NA
3,1,2,3,2,10,1,1,2,1,1,10,1,10,4,1,55,3,1,7,1,1,5,NA
3,1,2,3,1,10,1,1,3,10,5,5,5,1,1,1,35,2,1,8,1,3,1,76004
2,1,2,3,2,9,1,1,7,1,8,10,10,1,3,1,55,3,1,8,1,2,5,NA
1,1,1,2,2,5,5,1,6,1,5,1,10,4,3,2,35,2,0,8,1,2,5,NA
4,1,2,3,2,4,5,2,2,2,5,1,10,1,2,2,35,2,NA,7,1,1,8,NA
1,1,2,3,2,10,1,10,3,10,1,1,1,1,4,2,55,1,1,7,0,1,10,76007
2,2,2,3,2,2,2,2,6,9,5,5,5,5,3,1,21,2,1,7,1,2,8,NA
1,1,2,2,2,10,1,1,2,5,7,8,9,1,4,2,45,2,1,7,0,4,3,NA
4,1,2,2,3,8,9,8,2,1,1,1,1,1,4,1,35,2,1,7,0,3,NA,NA
NA,1,2,3,2,10,1,1,7,1,1,1,6,6,4,1,55,3,1,7,1,2,5,NA
1,1,2,3,2,5,2,2,6,1,2,2,5,1,4,1,55,3,1,8,1,3,5,NA
1,1,2,3,2,5,4,4,8,1,3,1,9,1,4,2,55,2,1,8,1,1,5,76002
1,2,2,3,2,2,1,1,2,2,5,5,3,5,3,2,21,3,0,7,1,0,5,NA
3,1,2,3,2,7,2,1,8,2,1,1,5,1,3,1,55,3,1,8,1,1,7,NA
2,1,2,2,2,7,1,1,1,1,9,10,10,1,1,1,35,3,1,8,1,3,5,NA
3,2,2,3,3,4,7,4,2,1,3,5,10,1,4,2,35,2,1,8,0,0,5,NA
4,2,2,3,3,10,8,10,8,1,1,1,1,1,4,2,45,2,0,8,0,1,10,NA
4,1,2,3,2,10,7,1,7,1,1,1,1,1,4,1,55,2,1,7,1,2,5,NA
4,1,2,3,2,1,10,10,8,6,10,1,1,1,4,1,55,1,1,7,1,3,5,NA
4,2,2,3,2,10,10,1,2,1,1,1,1,1,4,1,45,1,1,7,0,2,1,NA
3,1,2,3,2,10,NA,1,2,1,10,1,10,1,4,1,35,1,1,7,0,2,10,NA
1,1,2,3,2,9,1,2,3,4,5,5,9,1,3,2,27,3,1,8,0,3,7,NA
4,1,2,3,2,1,NA,1,6,1,1,1,1,1,2,2,35,1,NA,4,1,1,NA,NA
3,1,2,1,2,1,1,1,3,1,1,5,8,5,4,1,21,3,1,8,1,3,6,76003
3,1,2,2,2,10,5,1,7,1,1,3,5,1,3,2,21,2,0,8,1,2,5,NA
4,2,1,3,1,1,1,10,8,1,1,1,1,1,4,1,21,2,1,4,0,1,10,NA
3,2,2,3,1,10,1,1,2,5,5,10,10,5,3,2,45,3,0,8,1,3,5,76002
1,2,2,3,NA,9,6,9,8,1,6,4,8,1,4,2,45,1,1,8,0,1,5,NA
3,2,2,3,2,9,10,1,3,1,4,3,10,1,4,2,55,1,1,8,0,1,10,NA
1,2,2,2,2,5,5,1,3,1,1,8,8,1,4,1,35,2,1,8,1,1,1,NA
3,2,2,3,2,5,10,1,8,8,1,1,4,1,4,2,45,1,1,7,1,1,7,NA
4,2,2,3,2,10,10,10,7,1,1,1,1,1,3,2,21,2,0,7,1,2,1,NA
1,1,2,3,2,10,3,1,8,2,1,1,1,1,4,2,35,2,1,7,1,3,5,NA
1,1,2,3,2,10,1,1,8,1,10,1,10,1,1,2,45,2,0,8,1,3,5,76004
4,1,1,3,2,4,7,10,7,5,3,3,4,2,4,2,55,2,NA,7,1,2,6,NA
3,2,2,3,2,5,8,6,7,1,1,1,1,1,4,1,55,1,1,2,1,1,NA,76002
1,2,2,3,2,8,4,4,1,1,8,6,8,1,3,2,27,3,1,7,1,1,4,76002
3,1,1,3,2,8,5,5,6,10,1,1,5,5,2,1,35,3,1,7,1,2,5,NA
1,2,2,3,2,4,1,1,4,10,1,1,5,1,3,1,45,2,1,5,1,2,1,NA
1,1,1,3,2,1,3,2,8,1,1,1,1,1,4,1,55,1,1,7,1,2,1,76002
3,1,1,3,2,8,4,4,8,1,1,1,1,1,3,2,55,2,1,2,1,3,NA,NA
4,2,2,3,2,9,3,3,5,1,1,1,1,1,4,1,35,2,1,6,1,1,9,NA
3,2,2,3,2,8,8,8,6,1,1,1,1,1,4,1,55,1,1,6,1,0,NA,NA
2,2,2,2,2,8,1,1,7,1,1,1,6,1,4,2,21,2,0,5,1,1,NA,NA
1,1,2,3,2,9,2,1,2,2,5,3,6,3,4,2,45,3,0,7,1,1,3,NA
1,2,2,3,2,8,10,4,7,5,1,1,1,5,3,1,21,2,1,2,1,2,3,76002
1,1,2,2,2,9,4,1,2,8,10,8,9,5,4,2,35,3,0,2,1,3,3,76001
3,1,2,3,2,3,6,4,8,1,1,1,4,1,4,2,35,2,0,7,1,1,5,76004
1,1,1,3,2,4,5,8,2,1,1,1,1,1,3,1,21,2,0,7,1,2,5,76001
1,1,2,2,1,1,1,3,1,1,10,7,7,7,1,2,35,1,0,6,1,5,1,76002
3,1,1,3,2,10,NA,NA,2,1,1,5,1,1,4,2,55,2,1,5,1,3,NA,NA
2,2,2,3,2,10,10,NA,8,1,1,1,1,1,4,2,45,1,1,8,1,NA,NA,NA
3,3,1,1,2,10,1,3,3,10,1,5,5,5,3,1,21,2,1,3,1,NA,5,NA
3,2,2,3,2,1,10,NA,6,1,5,5,5,1,4,2,35,1,1,6,1,1,1,76002
1,2,2,1,1,8,1,1,1,1,1,5,5,1,4,1,35,2,1,6,1,2,5,NA
1,1,2,3,1,2,1,2,6,1,1,1,1,1,3,1,35,2,1,4,1,3,1,NA
2,1,1,3,2,2,1,1,2,10,1,1,5,1,4,1,35,2,1,4,0,4,NA,NA
2,1,1,3,2,10,NA,1,6,10,5,5,5,1,4,1,35,2,1,6,1,1,NA,NA
3,2,1,3,2,1,NA,NA,7,1,1,5,1,1,4,1,55,1,1,6,1,1,5,76007
3,2,2,3,2,10,1,1,3,1,1,5,10,1,4,1,45,2,1,8,1,2,9,NA
1,1,1,3,3,5,1,5,7,1,5,5,5,1,3,2,21,2,0,4,1,2,7,NA
4,1,2,3,2,3,NA,NA,6,10,1,5,5,1,4,2,55,2,0,5,1,2,NA,NA
1,2,2,3,2,5,4,3,6,1,1,1,1,1,4,2,21,2,0,6,1,2,10,NA
2,1,2,3,2,10,1,4,7,5,5,5,10,1,4,2,55,2,1,8,1,2,5,NA
2,NA,NA,3,2,4,1,NA,7,1,1,4,1,1,4,2,21,2,0,5,1,NA,4,NA
1,1,2,3,2,1,1,1,6,1,1,1,10,1,3,2,21,2,1,6,1,3,5,NA
2,3,2,3,NA,NA,NA,NA,7,1,1,5,5,1,4,2,45,1,0,4,1,NA,NA,NA
3,2,2,3,3,10,4,2,4,10,1,6,1,1,4,2,55,1,0,6,1,2,10,76001
NA,1,2,3,3,8,10,10,4,1,1,1,5,1,4,2,35,2,1,8,1,NA,6,NA
3,2,2,3,2,7,2,4,7,2,1,1,1,1,3,1,35,1,1,7,1,1,5,76001
4,2,2,3,2,10,10,1,8,1,1,1,NA,1,4,1,35,1,1,7,1,3,4,NA
4,1,1,3,NA,2,1,3,2,1,1,1,1,1,4,2,35,1,1,8,1,0,5,NA
1,2,2,3,2,5,5,7,1,7,5,1,5,5,4,1,45,3,1,8,1,3,8,76002
4,1,2,2,1,1,5,7,8,1,1,5,10,10,1,1,27,2,1,8,1,1,5,NA
3,2,2,2,2,10,1,1,3,1,3,5,5,5,2,2,27,3,1,7,0,1,NA,76021
3,1,2,3,2,10,10,1,4,1,1,1,1,1,3,2,45,1,1,4,1,2,4,76002
3,2,2,3,2,10,1,1,3,3,4,9,10,1,4,1,45,2,1,7,1,2,10,76003
1,2,2,3,1,10,5,5,2,5,1,1,5,1,4,1,35,2,1,3,1,2,1,NA
2,2,2,3,2,10,10,5,4,4,2,1,5,2,4,1,45,1,1,5,1,0,5,76002
2,1,2,3,3,7,3,4,4,2,1,1,3,4,4,2,55,1,0,5,0,0,2,NA
1,1,2,3,2,8,5,3,7,1,3,2,5,1,4,2,45,3,1,6,1,5,5,NA
NA,1,2,3,1,5,1,1,2,1,1,3,NA,1,2,1,45,2,0,8,1,2,NA,NA
1,1,2,2,1,2,7,7,7,6,5,5,5,7,3,2,27,3,1,6,1,3,1,76002
4,1,2,1,2,1,9,1,2,1,5,1,10,10,4,2,35,1,1,8,1,2,10,5
2,1,2,3,2,10,2,3,5,3,1,3,6,4,3,1,21,2,1,4,0,2,NA,NA
4,1,2,3,2,10,1,1,6,1,1,1,10,1,4,1,55,2,1,3,1,2,3,76001
